chrom	position_1based	snp_id	train_missingness	train_alt_frequency	train_maf
19	1397443	snp_19_1397443	0.0	0.1111111111111111	0.1111111111111111
19	1398143	snp_19_1398143	0.0	0.10317460317460317	0.10317460317460317
19	1399056	snp_19_1399056	0.0	0.1349206349206349	0.1349206349206349
19	1400679	snp_19_1400679	0.0	0.48412698412698413	0.48412698412698413
19	1400766	snp_19_1400766	0.0	0.9285714285714286	0.0714285714285714
19	1404850	snp_19_1404850	0.0	0.07936507936507936	0.07936507936507936
19	1405793	snp_19_1405793	0.0	0.1349206349206349	0.1349206349206349
19	5686328	snp_19_5686328	0.0	0.05555555555555555	0.05555555555555555
19	5687059	snp_19_5687059	0.0	0.25396825396825395	0.25396825396825395
19	5688752	snp_19_5688752	0.0	0.12698412698412698	0.12698412698412698
19	5689257	snp_19_5689257	0.0	0.23809523809523808	0.23809523809523808
19	5692311	snp_19_5692311	0.0	0.23809523809523808	0.23809523809523808
19	5694231	snp_19_5694231	0.0	0.2777777777777778	0.2777777777777778
19	5694630	snp_19_5694630	0.0	0.31746031746031744	0.31746031746031744
19	5695617	snp_19_5695617	0.0	0.23809523809523808	0.23809523809523808
19	5696146	snp_19_5696146	0.0	0.23809523809523808	0.23809523809523808
19	5696245	snp_19_5696245	0.0	0.7063492063492064	0.2936507936507936
19	11451163	snp_19_11451163	0.0	0.48412698412698413	0.48412698412698413
19	11451648	snp_19_11451648	0.0	0.31746031746031744	0.31746031746031744
19	11459260	snp_19_11459260	0.0	0.5079365079365079	0.4920634920634921
19	11459669	snp_19_11459669	0.0	0.1111111111111111	0.1111111111111111
19	11464003	snp_19_11464003	0.0	0.48412698412698413	0.48412698412698413
19	11464173	snp_19_11464173	0.0	0.07936507936507936	0.07936507936507936
19	11465129	snp_19_11465129	0.0	0.5079365079365079	0.4920634920634921
19	11465316	snp_19_11465316	0.0	0.5079365079365079	0.4920634920634921
19	11466151	snp_19_11466151	0.0	0.5238095238095238	0.47619047619047616
19	11466741	snp_19_11466741	0.0	0.48412698412698413	0.48412698412698413
19	12247333	snp_19_12247333	0.0	0.1349206349206349	0.1349206349206349
19	12247374	snp_19_12247374	0.0	0.1349206349206349	0.1349206349206349
19	12247731	snp_19_12247731	0.0	0.1349206349206349	0.1349206349206349
19	12248488	snp_19_12248488	0.0	0.1349206349206349	0.1349206349206349
19	12248612	snp_19_12248612	0.0	0.1349206349206349	0.1349206349206349
19	12249129	snp_19_12249129	0.0	0.1349206349206349	0.1349206349206349
19	12249984	snp_19_12249984	0.0	0.1349206349206349	0.1349206349206349
19	12251752	snp_19_12251752	0.0	0.1349206349206349	0.1349206349206349
19	12252116	snp_19_12252116	0.0	0.1349206349206349	0.1349206349206349
19	12252564	snp_19_12252564	0.0	0.1349206349206349	0.1349206349206349
19	12253327	snp_19_12253327	0.0	0.1349206349206349	0.1349206349206349
19	12254686	snp_19_12254686	0.0	0.1349206349206349	0.1349206349206349
19	12254854	snp_19_12254854	0.0	0.1349206349206349	0.1349206349206349
19	12254989	snp_19_12254989	0.0	0.1349206349206349	0.1349206349206349
19	12256358	snp_19_12256358	0.0	0.46825396825396826	0.46825396825396826
19	12256912	snp_19_12256912	0.0	0.1349206349206349	0.1349206349206349
19	12259993	snp_19_12259993	0.0	0.1349206349206349	0.1349206349206349
19	12260858	snp_19_12260858	0.0	0.1349206349206349	0.1349206349206349
19	12261472	snp_19_12261472	0.0	0.1349206349206349	0.1349206349206349
19	12263523	snp_19_12263523	0.0	0.1349206349206349	0.1349206349206349
19	12264074	snp_19_12264074	0.0	0.1349206349206349	0.1349206349206349
19	12264229	snp_19_12264229	0.0	0.1349206349206349	0.1349206349206349
19	12264645	snp_19_12264645	0.0	0.1746031746031746	0.1746031746031746
19	12265133	snp_19_12265133	0.0	0.0873015873015873	0.0873015873015873
19	12265551	snp_19_12265551	0.0	0.0873015873015873	0.0873015873015873
19	12267292	snp_19_12267292	0.0	0.1349206349206349	0.1349206349206349
19	12269084	snp_19_12269084	0.0	0.1349206349206349	0.1349206349206349
19	12269658	snp_19_12269658	0.0	0.1349206349206349	0.1349206349206349
19	12270737	snp_19_12270737	0.0	0.1349206349206349	0.1349206349206349
19	12272234	snp_19_12272234	0.0	0.1349206349206349	0.1349206349206349
19	12781728	snp_19_12781728	0.0	0.0873015873015873	0.0873015873015873
19	12782090	snp_19_12782090	0.0	0.2619047619047619	0.2619047619047619
19	12782423	snp_19_12782423	0.0	0.9126984126984127	0.08730158730158732
19	12784335	snp_19_12784335	0.0	0.05555555555555555	0.05555555555555555
19	12788969	snp_19_12788969	0.0	0.9365079365079365	0.06349206349206349
19	12791435	snp_19_12791435	0.0	0.3888888888888889	0.3888888888888889
19	12796435	snp_19_12796435	0.0	0.4365079365079365	0.4365079365079365
19	12796625	snp_19_12796625	0.0	0.07936507936507936	0.07936507936507936
19	12802153	snp_19_12802153	0.0	0.1111111111111111	0.1111111111111111
19	12811045	snp_19_12811045	0.0	0.4126984126984127	0.4126984126984127
19	12811379	snp_19_12811379	0.0	0.46825396825396826	0.46825396825396826
19	12815686	snp_19_12815686	0.0	0.7777777777777778	0.2222222222222222
19	12818448	snp_19_12818448	0.0	0.2698412698412698	0.2698412698412698
19	12818531	snp_19_12818531	0.0	0.05555555555555555	0.05555555555555555
19	12819261	snp_19_12819261	0.0	0.10317460317460317	0.10317460317460317
19	12819779	snp_19_12819779	0.0	0.05555555555555555	0.05555555555555555
19	12823166	snp_19_12823166	0.0	0.38095238095238093	0.38095238095238093
19	12823786	snp_19_12823786	0.0	0.9365079365079365	0.06349206349206349
19	12833223	snp_19_12833223	0.0	0.07142857142857142	0.07142857142857142
19	12876278	snp_19_12876278	0.0	0.8968253968253969	0.10317460317460314
19	12876964	snp_19_12876964	0.0	0.46825396825396826	0.46825396825396826
19	12886478	snp_19_12886478	0.0	0.07936507936507936	0.07936507936507936
19	12889224	snp_19_12889224	0.0	0.06349206349206349	0.06349206349206349
19	12889225	snp_19_12889225	0.0	0.06349206349206349	0.06349206349206349
19	12890595	snp_19_12890595	0.0	0.1984126984126984	0.1984126984126984
19	12903059	snp_19_12903059	0.0	0.05555555555555555	0.05555555555555555
19	12905246	snp_19_12905246	0.0	0.5317460317460317	0.46825396825396826
19	12908840	snp_19_12908840	0.0	0.07142857142857142	0.07142857142857142
19	12909906	snp_19_12909906	0.0	0.11904761904761904	0.11904761904761904
19	12911285	snp_19_12911285	0.0	0.10317460317460317	0.10317460317460317
19	12911340	snp_19_12911340	0.0	0.8174603174603174	0.18253968253968256
19	12915141	snp_19_12915141	0.0	0.05555555555555555	0.05555555555555555
19	12917100	snp_19_12917100	0.0	0.15079365079365079	0.15079365079365079
19	12981253	snp_19_12981253	0.0	0.23015873015873015	0.23015873015873015
19	12981291	snp_19_12981291	0.0	0.2777777777777778	0.2777777777777778
19	12982275	snp_19_12982275	0.0	0.2777777777777778	0.2777777777777778
19	12982798	snp_19_12982798	0.0	0.2777777777777778	0.2777777777777778
19	12983367	snp_19_12983367	0.0	0.19047619047619047	0.19047619047619047
19	12983472	snp_19_12983472	0.0	0.2777777777777778	0.2777777777777778
19	12985576	snp_19_12985576	0.0	0.2777777777777778	0.2777777777777778
19	12985955	snp_19_12985955	0.0	0.23809523809523808	0.23809523809523808
19	12987605	snp_19_12987605	0.0	0.2777777777777778	0.2777777777777778
19	12987881	snp_19_12987881	0.0	0.2777777777777778	0.2777777777777778
19	12988428	snp_19_12988428	0.0	0.2619047619047619	0.2619047619047619
19	12989560	snp_19_12989560	0.0	0.23809523809523808	0.23809523809523808
19	12992579	snp_19_12992579	0.0	0.29365079365079366	0.29365079365079366
19	12993255	snp_19_12993255	0.0	0.30158730158730157	0.30158730158730157
19	12994140	snp_19_12994140	0.0	0.30158730158730157	0.30158730158730157
19	12994353	snp_19_12994353	0.0	0.30158730158730157	0.30158730158730157
19	12994715	snp_19_12994715	0.0	0.30158730158730157	0.30158730158730157
19	12996740	snp_19_12996740	0.0	0.30158730158730157	0.30158730158730157
19	13044544	snp_19_13044544	0.0	0.6984126984126984	0.3015873015873016
19	13045736	snp_19_13045736	0.0	0.15079365079365079	0.15079365079365079
19	13048608	snp_19_13048608	0.0	0.6904761904761905	0.30952380952380953
19	13053034	snp_19_13053034	0.0	0.6428571428571429	0.3571428571428571
19	13053125	snp_19_13053125	0.0	0.6984126984126984	0.3015873015873016
19	13054112	snp_19_13054112	0.0	0.1111111111111111	0.1111111111111111
19	13054781	snp_19_13054781	0.0	0.6428571428571429	0.3571428571428571
19	13055364	snp_19_13055364	0.0	0.11904761904761904	0.11904761904761904
19	13055372	snp_19_13055372	0.0	0.07936507936507936	0.07936507936507936
19	13057852	snp_19_13057852	0.0	0.05555555555555555	0.05555555555555555
19	14193735	snp_19_14193735	0.0	0.38095238095238093	0.38095238095238093
19	14194458	snp_19_14194458	0.0	0.3968253968253968	0.3968253968253968
19	14194936	snp_19_14194936	0.0	0.25396825396825395	0.25396825396825395
19	14195483	snp_19_14195483	0.0	0.3968253968253968	0.3968253968253968
19	14195892	snp_19_14195892	0.0	0.5158730158730159	0.4841269841269841
19	14198018	snp_19_14198018	0.0	0.24603174603174602	0.24603174603174602
19	14203542	snp_19_14203542	0.0	0.12698412698412698	0.12698412698412698
19	17966173	snp_19_17966173	0.0	0.0873015873015873	0.0873015873015873
19	17967486	snp_19_17967486	0.0	0.07142857142857142	0.07142857142857142
19	17967694	snp_19_17967694	0.0	0.09523809523809523	0.09523809523809523
19	17968392	snp_19_17968392	0.0	0.1349206349206349	0.1349206349206349
19	17969245	snp_19_17969245	0.0	0.07142857142857142	0.07142857142857142
19	17970627	snp_19_17970627	0.0	0.23015873015873015	0.23015873015873015
19	17971031	snp_19_17971031	0.0	0.09523809523809523	0.09523809523809523
19	17971425	snp_19_17971425	0.0	0.09523809523809523	0.09523809523809523
19	17973862	snp_19_17973862	0.0	0.23015873015873015	0.23015873015873015
19	17974223	snp_19_17974223	0.0	0.3253968253968254	0.3253968253968254
19	17975630	snp_19_17975630	0.0	0.3253968253968254	0.3253968253968254
19	17975631	snp_19_17975631	0.0	0.07142857142857142	0.07142857142857142
19	17976814	snp_19_17976814	0.0	0.09523809523809523	0.09523809523809523
19	17977174	snp_19_17977174	0.0	0.06349206349206349	0.06349206349206349
19	17978836	snp_19_17978836	0.0	0.23015873015873015	0.23015873015873015
19	17979466	snp_19_17979466	0.0	0.09523809523809523	0.09523809523809523
19	18540616	snp_19_18540616	0.0	0.21428571428571427	0.21428571428571427
19	18540644	snp_19_18540644	0.0	0.21428571428571427	0.21428571428571427
19	18540935	snp_19_18540935	0.0	0.1746031746031746	0.1746031746031746
19	18540988	snp_19_18540988	0.0	0.36507936507936506	0.36507936507936506
19	18541785	snp_19_18541785	0.0	0.21428571428571427	0.21428571428571427
19	18543054	snp_19_18543054	0.0	0.36507936507936506	0.36507936507936506
19	18543270	snp_19_18543270	0.0	0.373015873015873	0.373015873015873
19	18544467	snp_19_18544467	0.0	0.3333333333333333	0.3333333333333333
19	18545341	snp_19_18545341	0.0	0.373015873015873	0.373015873015873
19	18545540	snp_19_18545540	0.0	0.36507936507936506	0.36507936507936506
19	18545786	snp_19_18545786	0.0	0.2222222222222222	0.2222222222222222
19	18546678	snp_19_18546678	0.0	0.373015873015873	0.373015873015873
19	18547305	snp_19_18547305	0.0	0.373015873015873	0.373015873015873
19	18548249	snp_19_18548249	0.0	0.373015873015873	0.373015873015873
19	18548884	snp_19_18548884	0.0	0.373015873015873	0.373015873015873
19	18549549	snp_19_18549549	0.0	0.21428571428571427	0.21428571428571427
19	18550276	snp_19_18550276	0.0	0.373015873015873	0.373015873015873
19	18550434	snp_19_18550434	0.0	0.40476190476190477	0.40476190476190477
19	18551039	snp_19_18551039	0.0	0.1746031746031746	0.1746031746031746
19	18552139	snp_19_18552139	0.0	0.05555555555555555	0.05555555555555555
19	18552208	snp_19_18552208	0.0	0.36507936507936506	0.36507936507936506
19	18678970	snp_19_18678970	0.0	0.6349206349206349	0.3650793650793651
19	18679155	snp_19_18679155	0.0	0.6190476190476191	0.38095238095238093
19	18679379	snp_19_18679379	0.0	0.6190476190476191	0.38095238095238093
19	18680478	snp_19_18680478	0.0	0.6190476190476191	0.38095238095238093
19	18681122	snp_19_18681122	0.0	0.6190476190476191	0.38095238095238093
19	18681471	snp_19_18681471	0.0	0.6111111111111112	0.38888888888888884
19	18682342	snp_19_18682342	0.0	0.6190476190476191	0.38095238095238093
19	18682495	snp_19_18682495	0.0	0.626984126984127	0.373015873015873
19	18683345	snp_19_18683345	0.0	0.07936507936507936	0.07936507936507936
19	18684563	snp_19_18684563	0.0	0.626984126984127	0.373015873015873
19	18685964	snp_19_18685964	0.0	0.6349206349206349	0.3650793650793651
19	18686587	snp_19_18686587	0.0	0.6111111111111112	0.38888888888888884
19	18686621	snp_19_18686621	0.0	0.6190476190476191	0.38095238095238093
19	18687175	snp_19_18687175	0.0	0.6349206349206349	0.3650793650793651
19	18687225	snp_19_18687225	0.0	0.1984126984126984	0.1984126984126984
19	18687533	snp_19_18687533	0.0	0.6190476190476191	0.38095238095238093
19	18688027	snp_19_18688027	0.0	0.6190476190476191	0.38095238095238093
19	18688847	snp_19_18688847	0.0	0.6190476190476191	0.38095238095238093
19	18688985	snp_19_18688985	0.0	0.7936507936507936	0.2063492063492064
19	18689830	snp_19_18689830	0.0	0.6190476190476191	0.38095238095238093
19	18689904	snp_19_18689904	0.0	0.6349206349206349	0.3650793650793651
19	18690536	snp_19_18690536	0.0	0.6190476190476191	0.38095238095238093
19	18690771	snp_19_18690771	0.0	0.6190476190476191	0.38095238095238093
19	18691320	snp_19_18691320	0.0	0.6190476190476191	0.38095238095238093
19	18691363	snp_19_18691363	0.0	0.6190476190476191	0.38095238095238093
19	18691942	snp_19_18691942	0.0	0.6349206349206349	0.3650793650793651
19	18692666	snp_19_18692666	0.0	0.6190476190476191	0.38095238095238093
19	19307797	snp_19_19307797	0.0	0.07936507936507936	0.07936507936507936
19	19310527	snp_19_19310527	0.0	0.11904761904761904	0.11904761904761904
19	19314526	snp_19_19314526	0.0	0.6587301587301587	0.3412698412698413
19	19315180	snp_19_19315180	0.0	0.2857142857142857	0.2857142857142857
19	19315603	snp_19_19315603	0.0	0.12698412698412698	0.12698412698412698
19	19316107	snp_19_19316107	0.0	0.9365079365079365	0.06349206349206349
19	19316338	snp_19_19316338	0.0	0.12698412698412698	0.12698412698412698
19	19318158	snp_19_19318158	0.0	0.12698412698412698	0.12698412698412698
19	19318465	snp_19_19318465	0.0	0.12698412698412698	0.12698412698412698
19	19318794	snp_19_19318794	0.0	0.12698412698412698	0.12698412698412698
19	19621752	snp_19_19621752	0.0	0.1984126984126984	0.1984126984126984
19	19621780	snp_19_19621780	0.0	0.1984126984126984	0.1984126984126984
19	19625547	snp_19_19625547	0.0	0.373015873015873	0.373015873015873
19	19626734	snp_19_19626734	0.0	0.1984126984126984	0.1984126984126984
19	19626769	snp_19_19626769	0.0	0.1984126984126984	0.1984126984126984
19	19627310	snp_19_19627310	0.0	0.1984126984126984	0.1984126984126984
19	19627653	snp_19_19627653	0.0	0.1984126984126984	0.1984126984126984
19	19628037	snp_19_19628037	0.0	0.1746031746031746	0.1746031746031746
19	19628240	snp_19_19628240	0.0	0.1984126984126984	0.1984126984126984
19	19629530	snp_19_19629530	0.0	0.1984126984126984	0.1984126984126984
19	19630002	snp_19_19630002	0.0	0.1984126984126984	0.1984126984126984
19	19630948	snp_19_19630948	0.0	0.1984126984126984	0.1984126984126984
19	19631444	snp_19_19631444	0.0	0.36507936507936506	0.36507936507936506
19	19631655	snp_19_19631655	0.0	0.373015873015873	0.373015873015873
19	19632970	snp_19_19632970	0.0	0.18253968253968253	0.18253968253968253
19	19633908	snp_19_19633908	0.0	0.1984126984126984	0.1984126984126984
19	19636702	snp_19_19636702	0.0	0.1984126984126984	0.1984126984126984
19	19637437	snp_19_19637437	0.0	0.1984126984126984	0.1984126984126984
19	19637781	snp_19_19637781	0.0	0.1984126984126984	0.1984126984126984
19	19638218	snp_19_19638218	0.0	0.1984126984126984	0.1984126984126984
19	19638743	snp_19_19638743	0.0	0.1984126984126984	0.1984126984126984
19	19639448	snp_19_19639448	0.0	0.1984126984126984	0.1984126984126984
19	19640524	snp_19_19640524	0.0	0.373015873015873	0.373015873015873
19	19642032	snp_19_19642032	0.0	0.1984126984126984	0.1984126984126984
19	19642795	snp_19_19642795	0.0	0.11904761904761904	0.11904761904761904
19	19643028	snp_19_19643028	0.0	0.373015873015873	0.373015873015873
19	19643343	snp_19_19643343	0.0	0.1984126984126984	0.1984126984126984
19	19643636	snp_19_19643636	0.0	0.1984126984126984	0.1984126984126984
19	19643715	snp_19_19643715	0.0	0.1984126984126984	0.1984126984126984
19	19643907	snp_19_19643907	0.0	0.05555555555555555	0.05555555555555555
19	19644402	snp_19_19644402	0.0	0.1984126984126984	0.1984126984126984
19	19645493	snp_19_19645493	0.0	0.1984126984126984	0.1984126984126984
19	19645645	snp_19_19645645	0.0	0.1984126984126984	0.1984126984126984
19	19646272	snp_19_19646272	0.0	0.373015873015873	0.373015873015873
19	19648346	snp_19_19648346	0.0	0.373015873015873	0.373015873015873
19	19648713	snp_19_19648713	0.0	0.1984126984126984	0.1984126984126984
19	19649327	snp_19_19649327	0.0	0.1984126984126984	0.1984126984126984
19	19649636	snp_19_19649636	0.0	0.1984126984126984	0.1984126984126984
19	19649748	snp_19_19649748	0.0	0.1984126984126984	0.1984126984126984
19	19650096	snp_19_19650096	0.0	0.373015873015873	0.373015873015873
19	19651140	snp_19_19651140	0.0	0.1984126984126984	0.1984126984126984
19	19651577	snp_19_19651577	0.0	0.1746031746031746	0.1746031746031746
19	19652157	snp_19_19652157	0.0	0.1984126984126984	0.1984126984126984
19	19652746	snp_19_19652746	0.0	0.1984126984126984	0.1984126984126984
19	19652776	snp_19_19652776	0.0	0.1984126984126984	0.1984126984126984
19	19652982	snp_19_19652982	0.0	0.1984126984126984	0.1984126984126984
19	36032301	snp_19_36032301	0.0	0.626984126984127	0.373015873015873
19	36032884	snp_19_36032884	0.0	0.1984126984126984	0.1984126984126984
19	36033460	snp_19_36033460	0.0	0.10317460317460317	0.10317460317460317
19	36033825	snp_19_36033825	0.0	0.1984126984126984	0.1984126984126984
19	36034470	snp_19_36034470	0.0	0.05555555555555555	0.05555555555555555
19	36034974	snp_19_36034974	0.0	0.0873015873015873	0.0873015873015873
19	36035501	snp_19_36035501	0.0	0.1984126984126984	0.1984126984126984
19	36037148	snp_19_36037148	0.0	0.07142857142857142	0.07142857142857142
19	36038174	snp_19_36038174	0.0	0.0873015873015873	0.0873015873015873
19	36038221	snp_19_36038221	0.0	0.10317460317460317	0.10317460317460317
19	36038390	snp_19_36038390	0.0	0.626984126984127	0.373015873015873
19	36039678	snp_19_36039678	0.0	0.3888888888888889	0.3888888888888889
19	36041030	snp_19_36041030	0.0	0.1349206349206349	0.1349206349206349
19	36042207	snp_19_36042207	0.0	0.18253968253968253	0.18253968253968253
19	36043097	snp_19_36043097	0.0	0.626984126984127	0.373015873015873
19	36373161	snp_19_36373161	0.0	0.05555555555555555	0.05555555555555555
19	36377167	snp_19_36377167	0.0	0.8174603174603174	0.18253968253968256
19	36377173	snp_19_36377173	0.0	0.873015873015873	0.12698412698412698
19	36377177	snp_19_36377177	0.0	0.8571428571428571	0.1428571428571429
19	36377253	snp_19_36377253	0.0	0.9047619047619048	0.09523809523809523
19	36377887	snp_19_36377887	0.0	0.3492063492063492	0.3492063492063492
19	36377975	snp_19_36377975	0.0	0.20634920634920634	0.20634920634920634
19	36386005	snp_19_36386005	0.0	0.07936507936507936	0.07936507936507936
19	36395615	snp_19_36395615	0.0	0.1349206349206349	0.1349206349206349
19	36397299	snp_19_36397299	0.0	0.7301587301587301	0.2698412698412699
19	36397350	snp_19_36397350	0.0	0.3253968253968254	0.3253968253968254
19	36398899	snp_19_36398899	0.0	0.14285714285714285	0.14285714285714285
19	36399690	snp_19_36399690	0.0	0.7222222222222222	0.2777777777777778
19	36495972	snp_19_36495972	0.0	0.3333333333333333	0.3333333333333333
19	36496121	snp_19_36496121	0.0	0.40476190476190477	0.40476190476190477
19	36497358	snp_19_36497358	0.0	0.9365079365079365	0.06349206349206349
19	36498415	snp_19_36498415	0.0	0.3333333333333333	0.3333333333333333
19	36499173	snp_19_36499173	0.0	0.1746031746031746	0.1746031746031746
19	36501445	snp_19_36501445	0.0	0.3333333333333333	0.3333333333333333
19	36505683	snp_19_36505683	0.0	0.12698412698412698	0.12698412698412698
19	36508392	snp_19_36508392	0.0	0.3333333333333333	0.3333333333333333
19	36509463	snp_19_36509463	0.0	0.2857142857142857	0.2857142857142857
19	38891488	snp_19_38891488	0.0	0.07142857142857142	0.07142857142857142
19	38893856	snp_19_38893856	0.0	0.07142857142857142	0.07142857142857142
19	38893924	snp_19_38893924	0.0	0.09523809523809523	0.09523809523809523
19	38893935	snp_19_38893935	0.0	0.09523809523809523	0.09523809523809523
19	38894720	snp_19_38894720	0.0	0.07142857142857142	0.07142857142857142
19	38896894	snp_19_38896894	0.0	0.07142857142857142	0.07142857142857142
19	38899548	snp_19_38899548	0.0	0.05555555555555555	0.05555555555555555
19	38901660	snp_19_38901660	0.0	0.07142857142857142	0.07142857142857142
19	38901715	snp_19_38901715	0.0	0.07142857142857142	0.07142857142857142
19	38902357	snp_19_38902357	0.0	0.06349206349206349	0.06349206349206349
19	38902446	snp_19_38902446	0.0	0.09523809523809523	0.09523809523809523
19	38902496	snp_19_38902496	0.0	0.07142857142857142	0.07142857142857142
19	38903055	snp_19_38903055	0.0	0.07142857142857142	0.07142857142857142
19	38903099	snp_19_38903099	0.0	0.15079365079365079	0.15079365079365079
19	39108723	snp_19_39108723	0.0	0.10317460317460317	0.10317460317460317
19	39109651	snp_19_39109651	0.0	0.14285714285714285	0.14285714285714285
19	39109975	snp_19_39109975	0.0	0.10317460317460317	0.10317460317460317
19	39110649	snp_19_39110649	0.0	0.14285714285714285	0.14285714285714285
19	39115552	snp_19_39115552	0.0	0.15873015873015872	0.15873015873015872
19	39116961	snp_19_39116961	0.0	0.05555555555555555	0.05555555555555555
19	39119494	snp_19_39119494	0.0	0.2777777777777778	0.2777777777777778
19	39122923	snp_19_39122923	0.0	0.15873015873015872	0.15873015873015872
19	39126466	snp_19_39126466	0.0	0.15873015873015872	0.15873015873015872
19	39126734	snp_19_39126734	0.0	0.15873015873015872	0.15873015873015872
19	39128019	snp_19_39128019	0.0	0.7222222222222222	0.2777777777777778
19	39128161	snp_19_39128161	0.0	0.10317460317460317	0.10317460317460317
19	39128520	snp_19_39128520	0.0	0.5317460317460317	0.46825396825396826
19	39128967	snp_19_39128967	0.0	0.12698412698412698	0.12698412698412698
19	40472118	snp_19_40472118	0.0	0.07142857142857142	0.07142857142857142
19	40472765	snp_19_40472765	0.0	0.0873015873015873	0.0873015873015873
19	40473712	snp_19_40473712	0.0	0.0873015873015873	0.0873015873015873
19	40474098	snp_19_40474098	0.0	0.0873015873015873	0.0873015873015873
19	40474897	snp_19_40474897	0.0	0.05555555555555555	0.05555555555555555
19	40475211	snp_19_40475211	0.0	0.14285714285714285	0.14285714285714285
19	40476642	snp_19_40476642	0.0	0.47619047619047616	0.47619047619047616
19	40477465	snp_19_40477465	0.0	0.0873015873015873	0.0873015873015873
19	40477505	snp_19_40477505	0.0	0.0873015873015873	0.0873015873015873
19	40478989	snp_19_40478989	0.0	0.05555555555555555	0.05555555555555555
19	40480923	snp_19_40480923	0.0	0.06349206349206349	0.06349206349206349
19	40481696	snp_19_40481696	0.0	0.0873015873015873	0.0873015873015873
19	40481883	snp_19_40481883	0.0	0.3253968253968254	0.3253968253968254
19	40482915	snp_19_40482915	0.0	0.0873015873015873	0.0873015873015873
19	40485230	snp_19_40485230	0.0	0.14285714285714285	0.14285714285714285
19	40486606	snp_19_40486606	0.0	0.05555555555555555	0.05555555555555555
19	40489470	snp_19_40489470	0.0	0.0873015873015873	0.0873015873015873
19	40492262	snp_19_40492262	0.0	0.05555555555555555	0.05555555555555555
19	40492289	snp_19_40492289	0.0	0.05555555555555555	0.05555555555555555
19	40530462	snp_19_40530462	0.0	0.0873015873015873	0.0873015873015873
19	40530556	snp_19_40530556	0.0	0.07936507936507936	0.07936507936507936
19	40532800	snp_19_40532800	0.0	0.05555555555555555	0.05555555555555555
19	40533555	snp_19_40533555	0.0	0.05555555555555555	0.05555555555555555
19	40533862	snp_19_40533862	0.0	0.05555555555555555	0.05555555555555555
19	40534336	snp_19_40534336	0.0	0.8253968253968254	0.17460317460317465
19	40535964	snp_19_40535964	0.0	0.05555555555555555	0.05555555555555555
19	40547766	snp_19_40547766	0.0	0.05555555555555555	0.05555555555555555
19	40548535	snp_19_40548535	0.0	0.14285714285714285	0.14285714285714285
19	40549534	snp_19_40549534	0.0	0.06349206349206349	0.06349206349206349
19	40550767	snp_19_40550767	0.0	0.14285714285714285	0.14285714285714285
19	40550956	snp_19_40550956	0.0	0.0873015873015873	0.0873015873015873
19	40553966	snp_19_40553966	0.0	0.14285714285714285	0.14285714285714285
19	40558132	snp_19_40558132	0.0	0.05555555555555555	0.05555555555555555
19	40558689	snp_19_40558689	0.0	0.05555555555555555	0.05555555555555555
19	40558953	snp_19_40558953	0.0	0.0873015873015873	0.0873015873015873
19	40561175	snp_19_40561175	0.0	0.0873015873015873	0.0873015873015873
19	40561702	snp_19_40561702	0.0	0.05555555555555555	0.05555555555555555
19	40562386	snp_19_40562386	0.0	0.0873015873015873	0.0873015873015873
19	40564530	snp_19_40564530	0.0	0.0873015873015873	0.0873015873015873
19	42377133	snp_19_42377133	0.0	0.5238095238095238	0.47619047619047616
19	42378463	snp_19_42378463	0.0	0.5634920634920635	0.4365079365079365
19	42378541	snp_19_42378541	0.0	0.5634920634920635	0.4365079365079365
19	42379378	snp_19_42379378	0.0	0.5634920634920635	0.4365079365079365
19	42379780	snp_19_42379780	0.0	0.5634920634920635	0.4365079365079365
19	42382745	snp_19_42382745	0.0	0.49206349206349204	0.49206349206349204
19	42383918	snp_19_42383918	0.0	0.20634920634920634	0.20634920634920634
19	42385469	snp_19_42385469	0.0	0.48412698412698413	0.48412698412698413
19	42387803	snp_19_42387803	0.0	0.48412698412698413	0.48412698412698413
19	42389280	snp_19_42389280	0.0	0.47619047619047616	0.47619047619047616
19	42569075	snp_19_42569075	0.0	0.0873015873015873	0.0873015873015873
19	42570571	snp_19_42570571	0.0	0.07936507936507936	0.07936507936507936
19	42573252	snp_19_42573252	0.0	0.0873015873015873	0.0873015873015873
19	42575370	snp_19_42575370	0.0	0.25396825396825395	0.25396825396825395
19	42576952	snp_19_42576952	0.0	0.07142857142857142	0.07142857142857142
19	42586245	snp_19_42586245	0.0	0.9206349206349206	0.07936507936507942
19	42588999	snp_19_42588999	0.0	0.0873015873015873	0.0873015873015873
19	42723228	snp_19_42723228	0.0	0.05555555555555555	0.05555555555555555
19	42724483	snp_19_42724483	0.0	0.07142857142857142	0.07142857142857142
19	42728242	snp_19_42728242	0.0	0.2619047619047619	0.2619047619047619
19	42728836	snp_19_42728836	0.0	0.06349206349206349	0.06349206349206349
19	42733865	snp_19_42733865	0.0	0.07142857142857142	0.07142857142857142
19	42735177	snp_19_42735177	0.0	0.07142857142857142	0.07142857142857142
19	42735798	snp_19_42735798	0.0	0.07142857142857142	0.07142857142857142
19	42737136	snp_19_42737136	0.0	0.07142857142857142	0.07142857142857142
19	42739614	snp_19_42739614	0.0	0.2698412698412698	0.2698412698412698
19	42739615	snp_19_42739615	0.0	0.2698412698412698	0.2698412698412698
19	42747533	snp_19_42747533	0.0	0.07142857142857142	0.07142857142857142
19	42752078	snp_19_42752078	0.0	0.05555555555555555	0.05555555555555555
19	42763394	snp_19_42763394	0.0	0.12698412698412698	0.12698412698412698
19	42769790	snp_19_42769790	0.0	0.7380952380952381	0.26190476190476186
19	42788222	snp_19_42788222	0.0	0.15873015873015872	0.15873015873015872
19	42788228	snp_19_42788228	0.0	0.1349206349206349	0.1349206349206349
19	42788231	snp_19_42788231	0.0	0.1349206349206349	0.1349206349206349
19	42793590	snp_19_42793590	0.0	0.5714285714285714	0.4285714285714286
19	42799049	snp_19_42799049	0.0	0.3492063492063492	0.3492063492063492
19	42799741	snp_19_42799741	0.0	0.07142857142857142	0.07142857142857142
19	42803139	snp_19_42803139	0.0	0.5714285714285714	0.4285714285714286
19	43008291	snp_19_43008291	0.0	0.07936507936507936	0.07936507936507936
19	43009837	snp_19_43009837	0.0	0.15873015873015872	0.15873015873015872
19	43010843	snp_19_43010843	0.0	0.07936507936507936	0.07936507936507936
19	43013363	snp_19_43013363	0.0	0.07142857142857142	0.07142857142857142
19	43013394	snp_19_43013394	0.0	0.07936507936507936	0.07936507936507936
19	43014481	snp_19_43014481	0.0	0.07936507936507936	0.07936507936507936
19	43021011	snp_19_43021011	0.0	0.07936507936507936	0.07936507936507936
19	43025170	snp_19_43025170	0.0	0.07142857142857142	0.07142857142857142
19	43026458	snp_19_43026458	0.0	0.07142857142857142	0.07142857142857142
19	43027689	snp_19_43027689	0.0	0.1349206349206349	0.1349206349206349
19	43030392	snp_19_43030392	0.0	0.1746031746031746	0.1746031746031746
19	43030420	snp_19_43030420	0.0	0.07142857142857142	0.07142857142857142
19	43030516	snp_19_43030516	0.0	0.06349206349206349	0.06349206349206349
19	43032561	snp_19_43032561	0.0	0.07142857142857142	0.07142857142857142
19	43032624	snp_19_43032624	0.0	0.07142857142857142	0.07142857142857142
19	44097760	snp_19_44097760	0.0	0.05555555555555555	0.05555555555555555
19	44098197	snp_19_44098197	0.0	0.6904761904761905	0.30952380952380953
19	44098835	snp_19_44098835	0.0	0.6587301587301587	0.3412698412698413
19	44098903	snp_19_44098903	0.0	0.6904761904761905	0.30952380952380953
19	44098963	snp_19_44098963	0.0	0.5476190476190477	0.45238095238095233
19	44099763	snp_19_44099763	0.0	0.5476190476190477	0.45238095238095233
19	44101645	snp_19_44101645	0.0	0.14285714285714285	0.14285714285714285
19	44102338	snp_19_44102338	0.0	0.6904761904761905	0.30952380952380953
19	44105462	snp_19_44105462	0.0	0.14285714285714285	0.14285714285714285
19	44105736	snp_19_44105736	0.0	0.14285714285714285	0.14285714285714285
19	44107497	snp_19_44107497	0.0	0.14285714285714285	0.14285714285714285
19	44108635	snp_19_44108635	0.0	0.6904761904761905	0.30952380952380953
19	44109306	snp_19_44109306	0.0	0.14285714285714285	0.14285714285714285
19	44109307	snp_19_44109307	0.0	0.14285714285714285	0.14285714285714285
19	44109856	snp_19_44109856	0.0	0.6825396825396826	0.31746031746031744
19	44109885	snp_19_44109885	0.0	0.14285714285714285	0.14285714285714285
19	44665117	snp_19_44665117	0.0	0.19047619047619047	0.19047619047619047
19	44666767	snp_19_44666767	0.0	0.0873015873015873	0.0873015873015873
19	44668377	snp_19_44668377	0.0	0.21428571428571427	0.21428571428571427
19	44669319	snp_19_44669319	0.0	0.12698412698412698	0.12698412698412698
19	44669960	snp_19_44669960	0.0	0.6111111111111112	0.38888888888888884
19	44672177	snp_19_44672177	0.0	0.626984126984127	0.373015873015873
19	44673417	snp_19_44673417	0.0	0.10317460317460317	0.10317460317460317
19	44676148	snp_19_44676148	0.0	0.6190476190476191	0.38095238095238093
19	44677233	snp_19_44677233	0.0	0.5952380952380952	0.40476190476190477
19	44677860	snp_19_44677860	0.0	0.5952380952380952	0.40476190476190477
19	44684507	snp_19_44684507	0.0	0.0873015873015873	0.0873015873015873
19	44685444	snp_19_44685444	0.0	0.6190476190476191	0.38095238095238093
19	44686753	snp_19_44686753	0.0	0.0873015873015873	0.0873015873015873
19	47974578	snp_19_47974578	0.0	0.9365079365079365	0.06349206349206349
19	47976356	snp_19_47976356	0.0	0.11904761904761904	0.11904761904761904
19	47977877	snp_19_47977877	0.0	0.7936507936507936	0.2063492063492064
19	47978671	snp_19_47978671	0.0	0.12698412698412698	0.12698412698412698
19	47980153	snp_19_47980153	0.0	0.5555555555555556	0.4444444444444444
19	47985220	snp_19_47985220	0.0	0.07936507936507936	0.07936507936507936
19	47986924	snp_19_47986924	0.0	0.12698412698412698	0.12698412698412698
19	47988965	snp_19_47988965	0.0	0.12698412698412698	0.12698412698412698
19	47989438	snp_19_47989438	0.0	0.12698412698412698	0.12698412698412698
19	47989457	snp_19_47989457	0.0	0.12698412698412698	0.12698412698412698
19	47989988	snp_19_47989988	0.0	0.7936507936507936	0.2063492063492064
19	47990889	snp_19_47990889	0.0	0.07936507936507936	0.07936507936507936
19	47991441	snp_19_47991441	0.0	0.9365079365079365	0.06349206349206349
19	47991451	snp_19_47991451	0.0	0.12698412698412698	0.12698412698412698
19	47992042	snp_19_47992042	0.0	0.11904761904761904	0.11904761904761904
19	47992261	snp_19_47992261	0.0	0.11904761904761904	0.11904761904761904
19	48969075	snp_19_48969075	0.0	0.11904761904761904	0.11904761904761904
19	48969879	snp_19_48969879	0.0	0.9365079365079365	0.06349206349206349
19	48972155	snp_19_48972155	0.0	0.9285714285714286	0.0714285714285714
19	48972539	snp_19_48972539	0.0	0.9285714285714286	0.0714285714285714
19	48977019	snp_19_48977019	0.0	0.9365079365079365	0.06349206349206349
19	48981933	snp_19_48981933	0.0	0.9047619047619048	0.09523809523809523
19	48981946	snp_19_48981946	0.0	0.5079365079365079	0.4920634920634921
19	48981958	snp_19_48981958	0.0	0.25396825396825395	0.25396825396825395
19	48984060	snp_19_48984060	0.0	0.5158730158730159	0.4841269841269841
19	48984178	snp_19_48984178	0.0	0.9285714285714286	0.0714285714285714
19	48985579	snp_19_48985579	0.0	0.9285714285714286	0.0714285714285714
19	48986144	snp_19_48986144	0.0	0.9047619047619048	0.09523809523809523
19	48986909	snp_19_48986909	0.0	0.07142857142857142	0.07142857142857142
19	49834455	snp_19_49834455	0.0	0.5	0.5
19	49835880	snp_19_49835880	0.0	0.0873015873015873	0.0873015873015873
19	49836567	snp_19_49836567	0.0	0.753968253968254	0.24603174603174605
19	49836674	snp_19_49836674	0.0	0.753968253968254	0.24603174603174605
19	49837246	snp_19_49837246	0.0	0.30952380952380953	0.30952380952380953
19	49838891	snp_19_49838891	0.0	0.8095238095238095	0.19047619047619047
19	49839015	snp_19_49839015	0.0	0.8095238095238095	0.19047619047619047
19	49839283	snp_19_49839283	0.0	0.8095238095238095	0.19047619047619047
19	49839428	snp_19_49839428	0.0	0.8095238095238095	0.19047619047619047
19	49839504	snp_19_49839504	0.0	0.8095238095238095	0.19047619047619047
19	49839923	snp_19_49839923	0.0	0.5079365079365079	0.4920634920634921
19	49841054	snp_19_49841054	0.0	0.8095238095238095	0.19047619047619047
19	49842824	snp_19_49842824	0.0	0.19047619047619047	0.19047619047619047
19	49845244	snp_19_49845244	0.0	0.19047619047619047	0.19047619047619047
19	49845895	snp_19_49845895	0.0	0.31746031746031744	0.31746031746031744
19	49846398	snp_19_49846398	0.0	0.19047619047619047	0.19047619047619047
19	49846957	snp_19_49846957	0.0	0.19047619047619047	0.19047619047619047
19	49847916	snp_19_49847916	0.0	0.19047619047619047	0.19047619047619047
19	49848347	snp_19_49848347	0.0	0.19047619047619047	0.19047619047619047
19	50158913	snp_19_50158913	0.0	0.2222222222222222	0.2222222222222222
19	50161091	snp_19_50161091	0.0	0.07142857142857142	0.07142857142857142
19	50161265	snp_19_50161265	0.0	0.07142857142857142	0.07142857142857142
19	50161807	snp_19_50161807	0.0	0.2222222222222222	0.2222222222222222
19	50162221	snp_19_50162221	0.0	0.16666666666666666	0.16666666666666666
19	50162909	snp_19_50162909	0.0	0.31746031746031744	0.31746031746031744
19	50163255	snp_19_50163255	0.0	0.18253968253968253	0.18253968253968253
19	50163257	snp_19_50163257	0.0	0.16666666666666666	0.16666666666666666
19	50164390	snp_19_50164390	0.0	0.38095238095238093	0.38095238095238093
19	50164810	snp_19_50164810	0.0	0.2222222222222222	0.2222222222222222
19	50164849	snp_19_50164849	0.0	0.2222222222222222	0.2222222222222222
19	50164994	snp_19_50164994	0.0	0.2222222222222222	0.2222222222222222
19	50166145	snp_19_50166145	0.0	0.05555555555555555	0.05555555555555555
19	50167726	snp_19_50167726	0.0	0.16666666666666666	0.16666666666666666
19	50168174	snp_19_50168174	0.0	0.1746031746031746	0.1746031746031746
19	50168927	snp_19_50168927	0.0	0.2222222222222222	0.2222222222222222
19	50168940	snp_19_50168940	0.0	0.05555555555555555	0.05555555555555555
19	50169020	snp_19_50169020	0.0	0.2222222222222222	0.2222222222222222
19	50173291	snp_19_50173291	0.0	0.05555555555555555	0.05555555555555555
19	50176187	snp_19_50176187	0.0	0.15873015873015872	0.15873015873015872
19	50176686	snp_19_50176686	0.0	0.2222222222222222	0.2222222222222222
19	50176786	snp_19_50176786	0.0	0.2222222222222222	0.2222222222222222
19	50177171	snp_19_50177171	0.0	0.06349206349206349	0.06349206349206349
19	50180266	snp_19_50180266	0.0	0.2222222222222222	0.2222222222222222
19	50368116	snp_19_50368116	0.0	0.2619047619047619	0.2619047619047619
19	50368361	snp_19_50368361	0.0	0.42857142857142855	0.42857142857142855
19	50368853	snp_19_50368853	0.0	0.0873015873015873	0.0873015873015873
19	50370066	snp_19_50370066	0.0	0.4365079365079365	0.4365079365079365
19	50370106	snp_19_50370106	0.0	0.4603174603174603	0.4603174603174603
19	50371399	snp_19_50371399	0.0	0.42063492063492064	0.42063492063492064
19	50371460	snp_19_50371460	0.0	0.07936507936507936	0.07936507936507936
19	50372762	snp_19_50372762	0.0	0.19047619047619047	0.19047619047619047
19	50375035	snp_19_50375035	0.0	0.4523809523809524	0.4523809523809524
19	50375242	snp_19_50375242	0.0	0.4365079365079365	0.4365079365079365
19	50375446	snp_19_50375446	0.0	0.4523809523809524	0.4523809523809524
19	50375447	snp_19_50375447	0.0	0.4523809523809524	0.4523809523809524
19	50377757	snp_19_50377757	0.0	0.4603174603174603	0.4603174603174603
19	50377835	snp_19_50377835	0.0	0.4365079365079365	0.4365079365079365
19	50378143	snp_19_50378143	0.0	0.4365079365079365	0.4365079365079365
19	50379053	snp_19_50379053	0.0	0.4603174603174603	0.4603174603174603
19	50379193	snp_19_50379193	0.0	0.4365079365079365	0.4365079365079365
19	50380858	snp_19_50380858	0.0	0.4365079365079365	0.4365079365079365
19	50383636	snp_19_50383636	0.0	0.4523809523809524	0.4523809523809524
19	50384882	snp_19_50384882	0.0	0.4603174603174603	0.4603174603174603
19	50386340	snp_19_50386340	0.0	0.4603174603174603	0.4603174603174603
19	50387729	snp_19_50387729	0.0	0.07936507936507936	0.07936507936507936
19	50390054	snp_19_50390054	0.0	0.07936507936507936	0.07936507936507936
19	50391299	snp_19_50391299	0.0	0.3492063492063492	0.3492063492063492
19	50391301	snp_19_50391301	0.0	0.4365079365079365	0.4365079365079365
19	50392014	snp_19_50392014	0.0	0.21428571428571427	0.21428571428571427
19	50396263	snp_19_50396263	0.0	0.46825396825396826	0.46825396825396826
19	50396546	snp_19_50396546	0.0	0.2857142857142857	0.2857142857142857
19	58034484	snp_19_58034484	0.0	0.15873015873015872	0.15873015873015872
19	58034539	snp_19_58034539	0.0	0.8809523809523809	0.11904761904761907
19	58034645	snp_19_58034645	0.0	0.15873015873015872	0.15873015873015872
19	58034851	snp_19_58034851	0.0	0.15873015873015872	0.15873015873015872
19	58034881	snp_19_58034881	0.0	0.15873015873015872	0.15873015873015872
19	58034927	snp_19_58034927	0.0	0.15873015873015872	0.15873015873015872
19	58035069	snp_19_58035069	0.0	0.15873015873015872	0.15873015873015872
19	58035234	snp_19_58035234	0.0	0.15873015873015872	0.15873015873015872
19	58035300	snp_19_58035300	0.0	0.15873015873015872	0.15873015873015872
19	58035475	snp_19_58035475	0.0	0.15873015873015872	0.15873015873015872
19	58035509	snp_19_58035509	0.0	0.15873015873015872	0.15873015873015872
19	58035553	snp_19_58035553	0.0	0.15873015873015872	0.15873015873015872
19	58035645	snp_19_58035645	0.0	0.15873015873015872	0.15873015873015872
19	58035765	snp_19_58035765	0.0	0.3333333333333333	0.3333333333333333
19	58035875	snp_19_58035875	0.0	0.15873015873015872	0.15873015873015872
19	58035933	snp_19_58035933	0.0	0.15873015873015872	0.15873015873015872
19	58036095	snp_19_58036095	0.0	0.15873015873015872	0.15873015873015872
19	58036138	snp_19_58036138	0.0	0.15873015873015872	0.15873015873015872
19	58036355	snp_19_58036355	0.0	0.16666666666666666	0.16666666666666666
19	58036477	snp_19_58036477	0.0	0.15079365079365079	0.15079365079365079
19	58036888	snp_19_58036888	0.0	0.3253968253968254	0.3253968253968254
19	58037308	snp_19_58037308	0.0	0.47619047619047616	0.47619047619047616
19	58038252	snp_19_58038252	0.0	0.47619047619047616	0.47619047619047616
19	58038624	snp_19_58038624	0.0	0.47619047619047616	0.47619047619047616
19	58040959	snp_19_58040959	0.0	0.47619047619047616	0.47619047619047616
19	58041211	snp_19_58041211	0.0	0.746031746031746	0.25396825396825395
19	58041415	snp_19_58041415	0.0	0.47619047619047616	0.47619047619047616
19	58041571	snp_19_58041571	0.0	0.746031746031746	0.25396825396825395
19	58041703	snp_19_58041703	0.0	0.47619047619047616	0.47619047619047616
19	58047116	snp_19_58047116	0.0	0.05555555555555555	0.05555555555555555
19	58055650	snp_19_58055650	0.0	0.746031746031746	0.25396825396825395
19	58078282	snp_19_58078282	0.0	0.12698412698412698	0.12698412698412698
19	58078537	snp_19_58078537	0.0	0.2777777777777778	0.2777777777777778
19	58079659	snp_19_58079659	0.0	0.12698412698412698	0.12698412698412698
19	58079806	snp_19_58079806	0.0	0.40476190476190477	0.40476190476190477
19	58081065	snp_19_58081065	0.0	0.40476190476190477	0.40476190476190477
19	58081537	snp_19_58081537	0.0	0.12698412698412698	0.12698412698412698
19	58081868	snp_19_58081868	0.0	0.3888888888888889	0.3888888888888889
19	58083467	snp_19_58083467	0.0	0.12698412698412698	0.12698412698412698
19	58084930	snp_19_58084930	0.0	0.2619047619047619	0.2619047619047619
19	58086196	snp_19_58086196	0.0	0.19047619047619047	0.19047619047619047
19	58087960	snp_19_58087960	0.0	0.2619047619047619	0.2619047619047619
19	58088426	snp_19_58088426	0.0	0.12698412698412698	0.12698412698412698
19	58089521	snp_19_58089521	0.0	0.3333333333333333	0.3333333333333333
19	58090818	snp_19_58090818	0.0	0.07936507936507936	0.07936507936507936
19	58091097	snp_19_58091097	0.0	0.2619047619047619	0.2619047619047619
19	58091877	snp_19_58091877	0.0	0.07936507936507936	0.07936507936507936
19	58092006	snp_19_58092006	0.0	0.2619047619047619	0.2619047619047619
19	58092699	snp_19_58092699	0.0	0.07936507936507936	0.07936507936507936
19	58093007	snp_19_58093007	0.0	0.2619047619047619	0.2619047619047619
19	58093476	snp_19_58093476	0.0	0.746031746031746	0.25396825396825395
19	58094627	snp_19_58094627	0.0	0.07936507936507936	0.07936507936507936
19	58095678	snp_19_58095678	0.0	0.07936507936507936	0.07936507936507936
19	58096020	snp_19_58096020	0.0	0.07936507936507936	0.07936507936507936
19	58097559	snp_19_58097559	0.0	0.2619047619047619	0.2619047619047619
19	58097693	snp_19_58097693	0.0	0.07936507936507936	0.07936507936507936
19	58098081	snp_19_58098081	0.0	0.07936507936507936	0.07936507936507936
19	58099574	snp_19_58099574	0.0	0.12698412698412698	0.12698412698412698
19	58099706	snp_19_58099706	0.0	0.3412698412698413	0.3412698412698413
19	58100092	snp_19_58100092	0.0	0.07936507936507936	0.07936507936507936
19	58101310	snp_19_58101310	0.0	0.07936507936507936	0.07936507936507936
19	58103395	snp_19_58103395	0.0	0.07936507936507936	0.07936507936507936
19	58103524	snp_19_58103524	0.0	0.07936507936507936	0.07936507936507936
19	58104172	snp_19_58104172	0.0	0.07936507936507936	0.07936507936507936
19	58104446	snp_19_58104446	0.0	0.3333333333333333	0.3333333333333333
19	58104688	snp_19_58104688	0.0	0.07936507936507936	0.07936507936507936
19	58105247	snp_19_58105247	0.0	0.1349206349206349	0.1349206349206349
19	58105850	snp_19_58105850	0.0	0.3412698412698413	0.3412698412698413
19	58106406	snp_19_58106406	0.0	0.07936507936507936	0.07936507936507936
19	58106623	snp_19_58106623	0.0	0.07936507936507936	0.07936507936507936
19	58108217	snp_19_58108217	0.0	0.746031746031746	0.25396825396825395
19	58108548	snp_19_58108548	0.0	0.07936507936507936	0.07936507936507936
19	58109005	snp_19_58109005	0.0	0.29365079365079366	0.29365079365079366
19	58109519	snp_19_58109519	0.0	0.3412698412698413	0.3412698412698413
19	58121818	snp_19_58121818	0.0	0.11904761904761904	0.11904761904761904
19	58122037	snp_19_58122037	0.0	0.07142857142857142	0.07142857142857142
19	58123695	snp_19_58123695	0.0	0.16666666666666666	0.16666666666666666
19	58125538	snp_19_58125538	0.0	0.11904761904761904	0.11904761904761904
19	58125549	snp_19_58125549	0.0	0.15079365079365079	0.15079365079365079
19	58126714	snp_19_58126714	0.0	0.11904761904761904	0.11904761904761904
19	58127337	snp_19_58127337	0.0	0.11904761904761904	0.11904761904761904
19	58129458	snp_19_58129458	0.0	0.16666666666666666	0.16666666666666666
19	58130226	snp_19_58130226	0.0	0.7857142857142857	0.2142857142857143
19	58131576	snp_19_58131576	0.0	0.11904761904761904	0.11904761904761904
19	58132106	snp_19_58132106	0.0	0.11904761904761904	0.11904761904761904
19	58134272	snp_19_58134272	0.0	0.1349206349206349	0.1349206349206349
19	58136735	snp_19_58136735	0.0	0.11904761904761904	0.11904761904761904
19	58137803	snp_19_58137803	0.0	0.15873015873015872	0.15873015873015872
19	58138670	snp_19_58138670	0.0	0.11904761904761904	0.11904761904761904
19	58254075	snp_19_58254075	0.0	0.06349206349206349	0.06349206349206349
19	58255641	snp_19_58255641	0.0	0.3412698412698413	0.3412698412698413
19	58256024	snp_19_58256024	0.0	0.40476190476190477	0.40476190476190477
19	58256897	snp_19_58256897	0.0	0.3412698412698413	0.3412698412698413
19	58257389	snp_19_58257389	0.0	0.1349206349206349	0.1349206349206349
19	58258120	snp_19_58258120	0.0	0.40476190476190477	0.40476190476190477
19	58258466	snp_19_58258466	0.0	0.3412698412698413	0.3412698412698413
19	58258589	snp_19_58258589	0.0	0.1349206349206349	0.1349206349206349
19	58259134	snp_19_58259134	0.0	0.06349206349206349	0.06349206349206349
19	58259946	snp_19_58259946	0.0	0.06349206349206349	0.06349206349206349
19	58262794	snp_19_58262794	0.0	0.06349206349206349	0.06349206349206349
19	58263585	snp_19_58263585	0.0	0.5952380952380952	0.40476190476190477
19	58264424	snp_19_58264424	0.0	0.3888888888888889	0.3888888888888889
19	58266192	snp_19_58266192	0.0	0.3888888888888889	0.3888888888888889
19	58266503	snp_19_58266503	0.0	0.20634920634920634	0.20634920634920634
19	58268954	snp_19_58268954	0.0	0.06349206349206349	0.06349206349206349
19	58269173	snp_19_58269173	0.0	0.6587301587301587	0.3412698412698413
19	58270754	snp_19_58270754	0.0	0.06349206349206349	0.06349206349206349
19	58272586	snp_19_58272586	0.0	0.06349206349206349	0.06349206349206349
19	58274425	snp_19_58274425	0.0	0.3888888888888889	0.3888888888888889
