classification	n	maf	population_relative_gap	true_angle_deg	replicates	expected_n0	expected_n1	expected_n2	group_count_pass_rate	gap_pass_rate	joint_estimable_rate	joint_estimable_ci_low	joint_estimable_ci_high	null_reference_95	null_exceedance_rate	null_exceedance_ci_low	null_exceedance_ci_high	estimated_angle_q10_deg	estimated_angle_median_deg	estimated_angle_q90_deg	fitted_gap_q10	fitted_gap_median	fitted_gap_q90
EXPLORATORY_NON_EVIDENCE	500	0.05	0.05	0.0	12	451.25	47.5	1.2500000000000002	0.0	0.9166666666666666	0.0	2.7755575615628914e-17	0.24249400665524085	0.0	0.0	2.7755575615628914e-17	0.24249400665524085	61.54910843419128	76.6051778956896	86.8057429005376	0.10304872529324444	0.16712885347016826	0.20696953415287225
EXPLORATORY_NON_EVIDENCE	500	0.05	0.05	5.0	12	451.25	47.5	1.2500000000000002	0.0	0.9166666666666666	0.0	2.7755575615628914e-17	0.24249400665524085	0.0	0.0	2.7755575615628914e-17	0.24249400665524085	61.59303698072357	76.46868561523709	86.77208942190472	0.10288104767443032	0.16645229948019186	0.21232744988282717
EXPLORATORY_NON_EVIDENCE	500	0.05	0.05	10.0	12	451.25	47.5	1.2500000000000002	0.0	0.9166666666666666	0.0	2.7755575615628914e-17	0.24249400665524085	0.0	0.0	2.7755575615628914e-17	0.24249400665524085	61.71705710592382	76.37102310726911	86.79434741330508	0.1023294205927353	0.1657027402910296	0.21764480445550455
EXPLORATORY_NON_EVIDENCE	500	0.05	0.05	20.0	12	451.25	47.5	1.2500000000000002	0.0	0.9166666666666666	0.0	2.7755575615628914e-17	0.24249400665524085	0.0	0.0	2.7755575615628914e-17	0.24249400665524085	62.17230186373652	76.29116792555196	87.00992932937017	0.1024746664164736	0.15971327699420895	0.22889305531953577
EXPLORATORY_NON_EVIDENCE	500	0.05	0.05	30.0	12	451.25	47.5	1.2500000000000002	0.0	0.9166666666666666	0.0	2.7755575615628914e-17	0.24249400665524085	0.0	0.0	2.7755575615628914e-17	0.24249400665524085	62.87133572010069	76.56078359434213	87.45488246324945	0.10602422381324733	0.16258472683927722	0.23986442693536195
EXPLORATORY_NON_EVIDENCE	500	0.05	0.1	0.0	12	451.25	47.5	1.2500000000000002	0.0	1.0	0.0	2.7755575615628914e-17	0.24249400665524085	0.0	0.0	2.7755575615628914e-17	0.24249400665524085	66.8287038136932	77.47657236213503	87.17210467315992	0.1420828750745678	0.21276792797509236	0.3097818595523259
EXPLORATORY_NON_EVIDENCE	500	0.05	0.1	5.0	12	451.25	47.5	1.2500000000000002	0.0	1.0	0.0	2.7755575615628914e-17	0.24249400665524085	0.0	0.0	2.7755575615628914e-17	0.24249400665524085	66.9537232410709	77.2575614916529	87.20718523797696	0.136462547402061	0.20802510158372609	0.30983074107451586
EXPLORATORY_NON_EVIDENCE	500	0.05	0.1	10.0	12	451.25	47.5	1.2500000000000002	0.0	1.0	0.0	2.7755575615628914e-17	0.24249400665524085	0.0	0.0	2.7755575615628914e-17	0.24249400665524085	67.02031444993474	77.03745531009463	87.24843626438218	0.1307206472538711	0.20445831077218685	0.3099613736473774
EXPLORATORY_NON_EVIDENCE	500	0.05	0.1	20.0	12	451.25	47.5	1.2500000000000002	0.0	1.0	0.0	2.7755575615628914e-17	0.24249400665524085	0.0	0.0	2.7755575615628914e-17	0.24249400665524085	66.97193262643393	76.60231155091785	87.34869536697246	0.14606143798838375	0.20452720833549254	0.3104296837174372
EXPLORATORY_NON_EVIDENCE	500	0.05	0.1	30.0	12	451.25	47.5	1.2500000000000002	0.0	1.0	0.0	2.7755575615628914e-17	0.24249400665524085	0.0	0.0	2.7755575615628914e-17	0.24249400665524085	66.67611308345501	76.18565318884436	87.4709672017759	0.15144197737961063	0.20457865774702394	0.3110987716533496
EXPLORATORY_NON_EVIDENCE	500	0.05	0.2	0.0	12	451.25	47.5	1.2500000000000002	0.0	0.9166666666666666	0.0	2.7755575615628914e-17	0.24249400665524085	0.0	0.0	2.7755575615628914e-17	0.24249400665524085	64.50507289248134	75.55918281264034	79.62344936006431	0.12506525592434214	0.26578038560329137	0.3413893025205141
EXPLORATORY_NON_EVIDENCE	500	0.05	0.2	5.0	12	451.25	47.5	1.2500000000000002	0.0	0.9166666666666666	0.0	2.7755575615628914e-17	0.24249400665524085	0.0	0.0	2.7755575615628914e-17	0.24249400665524085	64.62323097170204	75.537838835197	79.70998326195138	0.12844511264524247	0.26916807870219595	0.34669579417973406
EXPLORATORY_NON_EVIDENCE	500	0.05	0.2	10.0	12	451.25	47.5	1.2500000000000002	0.0	0.9166666666666666	0.0	2.7755575615628914e-17	0.24249400665524085	0.0	0.0	2.7755575615628914e-17	0.24249400665524085	64.7503018151268	75.5027020467359	79.81947763230396	0.13148184955319314	0.27157306087044664	0.3494001374615742
EXPLORATORY_NON_EVIDENCE	500	0.05	0.2	20.0	12	451.25	47.5	1.2500000000000002	0.0	0.9166666666666666	0.0	2.7755575615628914e-17	0.24249400665524085	0.0	0.0	2.7755575615628914e-17	0.24249400665524085	65.02850299869033	75.39135405737966	80.10797655390456	0.13049510705528464	0.26710947363156545	0.34706478015664144
EXPLORATORY_NON_EVIDENCE	500	0.05	0.2	30.0	12	451.25	47.5	1.2500000000000002	0.0	0.9166666666666666	0.0	2.7755575615628914e-17	0.24249400665524085	0.0	0.0	2.7755575615628914e-17	0.24249400665524085	65.33313163417276	75.22641257073874	80.48917948708988	0.11778198046035845	0.26326308723148895	0.3616420680986483
EXPLORATORY_NON_EVIDENCE	500	0.1	0.05	0.0	12	405.0	90.0	5.000000000000001	0.0	0.9166666666666666	0.0	2.7755575615628914e-17	0.24249400665524085	0.0	0.0	2.7755575615628914e-17	0.24249400665524085	55.67740213516475	72.4350394387271	84.33631044489734	0.10214161452354732	0.15908162143250976	0.34624999920403926
EXPLORATORY_NON_EVIDENCE	500	0.1	0.05	5.0	12	405.0	90.0	5.000000000000001	0.0	0.8333333333333334	0.0	2.7755575615628914e-17	0.24249400665524085	0.0	0.0	2.7755575615628914e-17	0.24249400665524085	56.361977134306464	72.52333032195551	84.38029526365794	0.0991861792472102	0.16232371525038697	0.34733610036798246
EXPLORATORY_NON_EVIDENCE	500	0.1	0.05	10.0	12	405.0	90.0	5.000000000000001	0.0	0.8333333333333334	0.0	2.7755575615628914e-17	0.24249400665524085	0.0	0.0	2.7755575615628914e-17	0.24249400665524085	57.105676862588034	72.62589737476884	84.82253291566562	0.0959386624582326	0.16586770869243483	0.3487800578072584
EXPLORATORY_NON_EVIDENCE	500	0.1	0.05	20.0	12	405.0	90.0	5.000000000000001	0.0	0.8333333333333334	0.0	2.7755575615628914e-17	0.24249400665524085	0.0	0.0	2.7755575615628914e-17	0.24249400665524085	58.741942322867374	72.87392263133512	86.04266356178171	0.0886606232822929	0.1745501844152887	0.3527359387821682
EXPLORATORY_NON_EVIDENCE	500	0.1	0.05	30.0	12	405.0	90.0	5.000000000000001	0.0	0.8333333333333334	0.0	2.7755575615628914e-17	0.24249400665524085	0.0	0.0	2.7755575615628914e-17	0.24249400665524085	59.40653248808773	73.17677894934074	87.48996316379841	0.08052411933759618	0.18532527928429615	0.35393099142586826
EXPLORATORY_NON_EVIDENCE	500	0.1	0.1	0.0	12	405.0	90.0	5.000000000000001	0.0	0.8333333333333334	0.0	2.7755575615628914e-17	0.24249400665524085	0.0	0.0	2.7755575615628914e-17	0.24249400665524085	67.52462658109178	78.01056131269155	84.95989687643409	0.08645026405591466	0.2380693574119087	0.3139111688216631
EXPLORATORY_NON_EVIDENCE	500	0.1	0.1	5.0	12	405.0	90.0	5.000000000000001	0.0	0.8333333333333334	0.0	2.7755575615628914e-17	0.24249400665524085	0.0	0.0	2.7755575615628914e-17	0.24249400665524085	67.56500142414595	78.40555228162387	84.79665187286572	0.08647741481391234	0.2386524896996131	0.313905876647101
EXPLORATORY_NON_EVIDENCE	500	0.1	0.1	10.0	12	405.0	90.0	5.000000000000001	0.0	0.8333333333333334	0.0	2.7755575615628914e-17	0.24249400665524085	0.0	0.0	2.7755575615628914e-17	0.24249400665524085	67.63784079142431	78.47269272825142	84.61279883699125	0.086503124859449	0.23943916498378431	0.3138841186050338
EXPLORATORY_NON_EVIDENCE	500	0.1	0.1	20.0	12	405.0	90.0	5.000000000000001	0.0	0.8333333333333334	0.0	2.7755575615628914e-17	0.24249400665524085	0.0	0.0	2.7755575615628914e-17	0.24249400665524085	67.87561951248777	78.64900306285219	84.18113837286934	0.08436195594864358	0.24157810778070454	0.31379197908657114
EXPLORATORY_NON_EVIDENCE	500	0.1	0.1	30.0	12	405.0	90.0	5.000000000000001	0.0	0.8333333333333334	0.0	2.7755575615628914e-17	0.24249400665524085	0.0	0.0	2.7755575615628914e-17	0.24249400665524085	68.22609544037962	79.22507783996899	83.74870077536718	0.08196937804167088	0.2443594847804184	0.3136372654496268
EXPLORATORY_NON_EVIDENCE	500	0.1	0.2	0.0	12	405.0	90.0	5.000000000000001	0.0	1.0	0.0	2.7755575615628914e-17	0.24249400665524085	0.0	0.0	2.7755575615628914e-17	0.24249400665524085	59.73178965134307	75.46911818684575	85.81265414130608	0.12758586240429726	0.23082204627819142	0.33084670846707914
EXPLORATORY_NON_EVIDENCE	500	0.1	0.2	5.0	12	405.0	90.0	5.000000000000001	0.0	1.0	0.0	2.7755575615628914e-17	0.24249400665524085	0.0	0.0	2.7755575615628914e-17	0.24249400665524085	59.222882940588164	75.562617228185	85.52389725184904	0.12732867647853202	0.22871558108613643	0.336417020240438
EXPLORATORY_NON_EVIDENCE	500	0.1	0.2	10.0	12	405.0	90.0	5.000000000000001	0.0	1.0	0.0	2.7755575615628914e-17	0.24249400665524085	0.0	0.0	2.7755575615628914e-17	0.24249400665524085	58.76300268199163	75.68113229963829	85.21159438565334	0.12713344757908623	0.2249511052140159	0.3417043982755887
EXPLORATORY_NON_EVIDENCE	500	0.1	0.2	20.0	12	405.0	90.0	5.000000000000001	0.0	1.0	0.0	2.7755575615628914e-17	0.24249400665524085	0.0	0.0	2.7755575615628914e-17	0.24249400665524085	57.958791616911455	76.00615988425449	84.53142466388262	0.1269440592060551	0.21855326047769758	0.35142930406271544
EXPLORATORY_NON_EVIDENCE	500	0.1	0.2	30.0	12	405.0	90.0	5.000000000000001	0.0	1.0	0.0	2.7755575615628914e-17	0.24249400665524085	0.0	0.0	2.7755575615628914e-17	0.24249400665524085	57.362618089539026	76.08451735335157	85.06557126543102	0.1279420291241258	0.2186008677613104	0.35657852427716147
EXPLORATORY_NON_EVIDENCE	500	0.2	0.05	0.0	12	320.00000000000006	160.0	20.000000000000004	0.0	0.8333333333333334	0.0	2.7755575615628914e-17	0.24249400665524085	0.0	0.0	2.7755575615628914e-17	0.24249400665524085	60.00174646580863	78.9987674515834	85.04081082240134	0.08433756764466184	0.1807791850622251	0.2510084051737409
EXPLORATORY_NON_EVIDENCE	500	0.2	0.05	5.0	12	320.00000000000006	160.0	20.000000000000004	0.0	0.8333333333333334	0.0	2.7755575615628914e-17	0.24249400665524085	0.0	0.0	2.7755575615628914e-17	0.24249400665524085	60.43556399216089	78.60773519405893	84.66749223768049	0.08558548793356888	0.18825063204770137	0.25263558823620763
EXPLORATORY_NON_EVIDENCE	500	0.2	0.05	10.0	12	320.00000000000006	160.0	20.000000000000004	0.0	0.8333333333333334	0.0	2.7755575615628914e-17	0.24249400665524085	0.0	0.0	2.7755575615628914e-17	0.24249400665524085	60.93409022612079	78.16545148453957	84.39935591737063	0.0867595080169894	0.19512969189194995	0.248607983035736
EXPLORATORY_NON_EVIDENCE	500	0.2	0.05	20.0	12	320.00000000000006	160.0	20.000000000000004	0.0	0.8333333333333334	0.0	2.7755575615628914e-17	0.24249400665524085	0.0	0.0	2.7755575615628914e-17	0.24249400665524085	62.11470382959209	77.12333794048635	84.13857309629607	0.08697489442118884	0.20556185063748528	0.24345072270722504
EXPLORATORY_NON_EVIDENCE	500	0.2	0.05	30.0	12	320.00000000000006	160.0	20.000000000000004	0.0	0.75	0.0	2.7755575615628914e-17	0.24249400665524085	0.0	0.0	2.7755575615628914e-17	0.24249400665524085	63.22304524351456	76.25504674907815	84.5955884798843	0.08234294345545054	0.20287024639612194	0.2428373866404635
EXPLORATORY_NON_EVIDENCE	500	0.2	0.1	0.0	12	320.00000000000006	160.0	20.000000000000004	0.0	0.8333333333333334	0.0	2.7755575615628914e-17	0.24249400665524085	0.0	0.0	2.7755575615628914e-17	0.24249400665524085	59.01494122572551	71.44106984825581	86.71076262775954	0.09675199285118101	0.1684654278717069	0.29304220152352695
EXPLORATORY_NON_EVIDENCE	500	0.2	0.1	5.0	12	320.00000000000006	160.0	20.000000000000004	0.0	0.8333333333333334	0.0	2.7755575615628914e-17	0.24249400665524085	0.0	0.0	2.7755575615628914e-17	0.24249400665524085	58.56832409733193	71.28954974825503	85.9246614349038	0.094111206032117	0.1801672040383183	0.29130911626580297
EXPLORATORY_NON_EVIDENCE	500	0.2	0.1	10.0	12	320.00000000000006	160.0	20.000000000000004	0.0	0.8333333333333334	0.0	2.7755575615628914e-17	0.24249400665524085	0.0	0.0	2.7755575615628914e-17	0.24249400665524085	58.13298586250618	70.7069147638149	85.45039435606995	0.091493995761197	0.18309793830892357	0.2909463209873017
EXPLORATORY_NON_EVIDENCE	500	0.2	0.1	20.0	12	320.00000000000006	160.0	20.000000000000004	0.0	0.8333333333333334	0.0	2.7755575615628914e-17	0.24249400665524085	0.0	0.0	2.7755575615628914e-17	0.24249400665524085	57.195123026260184	69.7803952104194	85.14520295116705	0.08745957251316379	0.17809737372252332	0.2906180196840505
EXPLORATORY_NON_EVIDENCE	500	0.2	0.1	30.0	12	320.00000000000006	160.0	20.000000000000004	0.0	0.8333333333333334	0.0	2.7755575615628914e-17	0.24249400665524085	0.0	0.0	2.7755575615628914e-17	0.24249400665524085	56.19228023645999	69.67094492888776	85.43144044608866	0.08959919959428049	0.17442251604274603	0.29060927391862934
EXPLORATORY_NON_EVIDENCE	500	0.2	0.2	0.0	12	320.00000000000006	160.0	20.000000000000004	0.0	0.5833333333333334	0.0	2.7755575615628914e-17	0.24249400665524085	0.0	0.0	2.7755575615628914e-17	0.24249400665524085	52.9618071642182	72.83961734065565	89.06014339475836	0.06555072845469152	0.16586529746594036	0.29296692100054345
EXPLORATORY_NON_EVIDENCE	500	0.2	0.2	5.0	12	320.00000000000006	160.0	20.000000000000004	0.0	0.6666666666666666	0.0	2.7755575615628914e-17	0.24249400665524085	0.0	0.0	2.7755575615628914e-17	0.24249400665524085	54.5929292159487	72.86116888941044	88.96490788042712	0.07889675588138055	0.15521764849005895	0.2863135894512534
EXPLORATORY_NON_EVIDENCE	500	0.2	0.2	10.0	12	320.00000000000006	160.0	20.000000000000004	0.0	0.6666666666666666	0.0	2.7755575615628914e-17	0.24249400665524085	0.0	0.0	2.7755575615628914e-17	0.24249400665524085	56.304526675923796	72.88423230358529	88.91626368213537	0.0816204712626776	0.13874010008593385	0.2794338720737936
EXPLORATORY_NON_EVIDENCE	500	0.2	0.2	20.0	12	320.00000000000006	160.0	20.000000000000004	0.0	0.75	0.0	2.7755575615628914e-17	0.24249400665524085	0.0	0.0	2.7755575615628914e-17	0.24249400665524085	59.43062683576448	72.92306068955497	88.95777625723669	0.08531605442293501	0.13399219282130476	0.2659117426221387
EXPLORATORY_NON_EVIDENCE	500	0.2	0.2	30.0	12	320.00000000000006	160.0	20.000000000000004	0.0	0.5833333333333334	0.0	2.7755575615628914e-17	0.24249400665524085	0.0	0.0	2.7755575615628914e-17	0.24249400665524085	60.433069135566505	72.93778235339613	89.49928708892234	0.07838829341523457	0.15321592099088324	0.25412011780642146
EXPLORATORY_NON_EVIDENCE	500	0.4	0.05	0.0	12	180.0	240.0	80.00000000000001	1.0	0.8333333333333334	0.8333333333333334	0.5519691377470266	0.9530348578161463	0.6245627110522826	0.0	2.7755575615628914e-17	0.24249400665524085	70.86311741811811	82.94102893667451	88.480246783502	0.07423092773792539	0.19172002885952	0.31040806043880337
EXPLORATORY_NON_EVIDENCE	500	0.4	0.05	5.0	12	180.0	240.0	80.00000000000001	1.0	0.75	0.75	0.46769466506643426	0.9110583316059453	0.6245627110522826	0.0	2.7755575615628914e-17	0.24249400665524085	70.96817434918822	81.88014474480431	88.71275125296634	0.08754243051086331	0.19027050013232089	0.3103969617663773
EXPLORATORY_NON_EVIDENCE	500	0.4	0.05	10.0	12	180.0	240.0	80.00000000000001	1.0	0.75	0.75	0.46769466506643426	0.9110583316059453	0.6245627110522826	0.0	2.7755575615628914e-17	0.24249400665524085	71.07549235165501	81.44749733867012	88.97127091819833	0.08506848151605349	0.1888750092552613	0.3106687355643434
EXPLORATORY_NON_EVIDENCE	500	0.4	0.05	20.0	12	180.0	240.0	80.00000000000001	1.0	0.75	0.75	0.46769466506643426	0.9110583316059453	0.6245627110522826	0.0	2.7755575615628914e-17	0.24249400665524085	71.28307191192359	81.8290766278113	89.35860065973581	0.06556413787726971	0.18640945158158373	0.31132940423210714
EXPLORATORY_NON_EVIDENCE	500	0.4	0.05	30.0	12	180.0	240.0	80.00000000000001	1.0	0.75	0.75	0.46769466506643426	0.9110583316059453	0.6245627110522826	0.0	2.7755575615628914e-17	0.24249400665524085	71.445610671498	82.07651901547968	88.3173551313941	0.056511766812192915	0.18472802688016815	0.30778289000955766
EXPLORATORY_NON_EVIDENCE	500	0.4	0.1	0.0	12	180.0	240.0	80.00000000000001	1.0	0.8333333333333334	0.8333333333333334	0.5519691377470266	0.9530348578161463	0.6443071577405884	0.0	2.7755575615628914e-17	0.24249400665524085	70.53019325314314	77.53421249546227	84.93662618985189	0.08334903506722173	0.1828107708898991	0.3594654973848807
EXPLORATORY_NON_EVIDENCE	500	0.4	0.1	5.0	12	180.0	240.0	80.00000000000001	1.0	0.8333333333333334	0.8333333333333334	0.5519691377470266	0.9530348578161463	0.6443071577405884	0.08333333333333333	0.014865094404917095	0.35387991114111694	68.76348230876853	77.13655681788117	85.34746010883734	0.08770897877293822	0.18625869383030558	0.3580755243361087
EXPLORATORY_NON_EVIDENCE	500	0.4	0.1	10.0	12	180.0	240.0	80.00000000000001	1.0	0.75	0.75	0.46769466506643426	0.9110583316059453	0.6443071577405884	0.0	2.7755575615628914e-17	0.24249400665524085	65.12459669470071	76.57008502276636	85.64934193088817	0.09353755828546212	0.19256625229246724	0.3565683940934344
EXPLORATORY_NON_EVIDENCE	500	0.4	0.1	20.0	12	180.0	240.0	80.00000000000001	1.0	0.8333333333333334	0.8333333333333334	0.5519691377470266	0.9530348578161463	0.6443071577405884	0.0	2.7755575615628914e-17	0.24249400665524085	60.25949929938445	77.2693779560988	86.05943113880474	0.08931333474514225	0.18486916366258793	0.34414656496710055
EXPLORATORY_NON_EVIDENCE	500	0.4	0.1	30.0	12	180.0	240.0	80.00000000000001	1.0	0.8333333333333334	0.8333333333333334	0.5519691377470266	0.9530348578161463	0.6443071577405884	0.0	2.7755575615628914e-17	0.24249400665524085	60.34782878008354	77.42834042509334	86.03293336425385	0.08779007883816793	0.174716166223308	0.3223296985675844
EXPLORATORY_NON_EVIDENCE	500	0.4	0.2	0.0	12	180.0	240.0	80.00000000000001	1.0	0.5833333333333334	0.5833333333333334	0.31951131254954973	0.8067396863412435	0.5451356396718193	0.0	2.7755575615628914e-17	0.24249400665524085	54.43053364190461	73.71845991540268	85.82595644406793	0.03458730757822796	0.12807386378492636	0.3522261882788452
EXPLORATORY_NON_EVIDENCE	500	0.4	0.2	5.0	12	180.0	240.0	80.00000000000001	1.0	0.5833333333333334	0.5833333333333334	0.31951131254954973	0.8067396863412435	0.5451356396718193	0.08333333333333333	0.014865094404917095	0.35387991114111694	54.57129961468546	73.21434285511916	86.76433750543083	0.026845029963421207	0.1459034673750733	0.3482234163125341
EXPLORATORY_NON_EVIDENCE	500	0.4	0.2	10.0	12	180.0	240.0	80.00000000000001	1.0	0.5833333333333334	0.5833333333333334	0.31951131254954973	0.8067396863412435	0.5451356396718193	0.08333333333333333	0.014865094404917095	0.35387991114111694	54.673348654582995	72.22505590659605	88.92280810110158	0.018633938092652843	0.16034141703150412	0.3318667122218617
EXPLORATORY_NON_EVIDENCE	500	0.4	0.2	20.0	12	180.0	240.0	80.00000000000001	1.0	0.5833333333333334	0.5833333333333334	0.31951131254954973	0.8067396863412435	0.5451356396718193	0.08333333333333333	0.014865094404917095	0.35387991114111694	54.74936430652274	70.5190119998442	88.86245951578589	0.03142911101142937	0.1759012567088007	0.3030431697638166
EXPLORATORY_NON_EVIDENCE	500	0.4	0.2	30.0	12	180.0	240.0	80.00000000000001	1.0	0.6666666666666666	0.6666666666666666	0.39062208887279953	0.8618799089087867	0.5451356396718193	0.08333333333333333	0.014865094404917095	0.35387991114111694	54.62726140602583	69.43756134263572	88.33485004833287	0.044375885969977824	0.15327838778417835	0.28135783843235124
EXPLORATORY_NON_EVIDENCE	2000	0.05	0.05	0.0	12	1805.0	190.0	5.000000000000001	0.0	0.75	0.0	2.7755575615628914e-17	0.24249400665524085	0.0	0.0	2.7755575615628914e-17	0.24249400665524085	59.74093303310211	69.32050790601826	81.65316441547147	0.07257335523982218	0.22165805413198789	0.3299563042812579
EXPLORATORY_NON_EVIDENCE	2000	0.05	0.05	5.0	12	1805.0	190.0	5.000000000000001	0.0	0.8333333333333334	0.0	2.7755575615628914e-17	0.24249400665524085	0.0	0.0	2.7755575615628914e-17	0.24249400665524085	59.73368188648551	69.31230562806903	81.92207944254518	0.0776712087718117	0.22314123678221925	0.33001290403212896
EXPLORATORY_NON_EVIDENCE	2000	0.05	0.05	10.0	12	1805.0	190.0	5.000000000000001	0.0	0.8333333333333334	0.0	2.7755575615628914e-17	0.24249400665524085	0.0	0.0	2.7755575615628914e-17	0.24249400665524085	59.83939905874675	69.3145753460122	82.25454055834072	0.08308871703748796	0.2245057945251303	0.3300585052832906
EXPLORATORY_NON_EVIDENCE	2000	0.05	0.05	20.0	12	1805.0	190.0	5.000000000000001	0.0	0.8333333333333334	0.0	2.7755575615628914e-17	0.24249400665524085	0.0	0.0	2.7755575615628914e-17	0.24249400665524085	60.52975349732966	69.36159615862255	83.12234004088853	0.08924203032472476	0.21916484354841725	0.3301153685773572
EXPLORATORY_NON_EVIDENCE	2000	0.05	0.05	30.0	12	1805.0	190.0	5.000000000000001	0.0	0.75	0.0	2.7755575615628914e-17	0.24249400665524085	0.0	0.0	2.7755575615628914e-17	0.24249400665524085	61.836192411387735	69.1449189020798	83.95332123879301	0.07368769143708412	0.20068947518601904	0.33012502026859747
EXPLORATORY_NON_EVIDENCE	2000	0.05	0.1	0.0	12	1805.0	190.0	5.000000000000001	0.0	0.6666666666666666	0.0	2.7755575615628914e-17	0.24249400665524085	0.0	0.0	2.7755575615628914e-17	0.24249400665524085	63.038367833078766	76.37476617528026	87.35118329986642	0.07896934958276082	0.19048422563144563	0.32844144692187655
EXPLORATORY_NON_EVIDENCE	2000	0.05	0.1	5.0	12	1805.0	190.0	5.000000000000001	0.0	0.75	0.0	2.7755575615628914e-17	0.24249400665524085	0.0	0.0	2.7755575615628914e-17	0.24249400665524085	64.01790482396594	76.74246638825373	87.90955043081009	0.07849803263638595	0.18839510782433921	0.3285834256652389
EXPLORATORY_NON_EVIDENCE	2000	0.05	0.1	10.0	12	1805.0	190.0	5.000000000000001	0.0	0.75	0.0	2.7755575615628914e-17	0.24249400665524085	0.0	0.0	2.7755575615628914e-17	0.24249400665524085	65.20920321244627	77.17838179195766	88.31378624155178	0.0779765970413642	0.18702668564750957	0.3285522747501836
EXPLORATORY_NON_EVIDENCE	2000	0.05	0.1	20.0	12	1805.0	190.0	5.000000000000001	0.0	0.6666666666666666	0.0	2.7755575615628914e-17	0.24249400665524085	0.0	0.0	2.7755575615628914e-17	0.24249400665524085	67.5836775943772	78.27711646687557	88.60376800831699	0.07331063085578697	0.1873747853278558	0.32848509486812166
EXPLORATORY_NON_EVIDENCE	2000	0.05	0.1	30.0	12	1805.0	190.0	5.000000000000001	0.0	0.6666666666666666	0.0	2.7755575615628914e-17	0.24249400665524085	0.0	0.0	2.7755575615628914e-17	0.24249400665524085	66.75785953837618	78.69070453778991	88.32897466439543	0.06196599616376927	0.17518513361774435	0.3284129566021496
EXPLORATORY_NON_EVIDENCE	2000	0.05	0.2	0.0	12	1805.0	190.0	5.000000000000001	0.0	0.8333333333333334	0.0	2.7755575615628914e-17	0.24249400665524085	0.0	0.0	2.7755575615628914e-17	0.24249400665524085	65.789623642115	78.30799485624235	84.89780832696893	0.09587360783992546	0.15078657865025696	0.30977326418469936
EXPLORATORY_NON_EVIDENCE	2000	0.05	0.2	5.0	12	1805.0	190.0	5.000000000000001	0.0	0.8333333333333334	0.0	2.7755575615628914e-17	0.24249400665524085	0.0	0.0	2.7755575615628914e-17	0.24249400665524085	65.62856471459588	78.50460774707668	84.90475458190996	0.09913862478103322	0.15705450935986198	0.3088988188978084
EXPLORATORY_NON_EVIDENCE	2000	0.05	0.2	10.0	12	1805.0	190.0	5.000000000000001	0.0	0.9166666666666666	0.0	2.7755575615628914e-17	0.24249400665524085	0.0	0.0	2.7755575615628914e-17	0.24249400665524085	65.49807743314732	78.62713289290195	84.94467787934572	0.10484238387401837	0.1489999570033597	0.3084151621141421
EXPLORATORY_NON_EVIDENCE	2000	0.05	0.2	20.0	12	1805.0	190.0	5.000000000000001	0.0	0.9166666666666666	0.0	2.7755575615628914e-17	0.24249400665524085	0.0	0.0	2.7755575615628914e-17	0.24249400665524085	65.37591632181147	78.53273810708583	85.10842749729221	0.11809541603958326	0.14685487713932338	0.30889145121196443
EXPLORATORY_NON_EVIDENCE	2000	0.05	0.2	30.0	12	1805.0	190.0	5.000000000000001	0.0	0.8333333333333334	0.0	2.7755575615628914e-17	0.24249400665524085	0.0	0.0	2.7755575615628914e-17	0.24249400665524085	66.99017348734492	77.94316743795201	85.3697616285173	0.0888341541405841	0.15198738808873286	0.3091392206198778
EXPLORATORY_NON_EVIDENCE	2000	0.1	0.05	0.0	12	1620.0	360.0	20.000000000000004	0.0	0.6666666666666666	0.0	2.7755575615628914e-17	0.24249400665524085	0.0	0.0	2.7755575615628914e-17	0.24249400665524085	56.30056793322556	68.53284228391952	80.40747103410295	0.08303594347068051	0.14437202878176392	0.22424385107331596
EXPLORATORY_NON_EVIDENCE	2000	0.1	0.05	5.0	12	1620.0	360.0	20.000000000000004	0.0	0.6666666666666666	0.0	2.7755575615628914e-17	0.24249400665524085	0.0	0.0	2.7755575615628914e-17	0.24249400665524085	56.52646402479844	68.52448790023755	80.50195521522974	0.07847993066887357	0.14437048711598532	0.22443621512002654
EXPLORATORY_NON_EVIDENCE	2000	0.1	0.05	10.0	12	1620.0	360.0	20.000000000000004	0.0	0.6666666666666666	0.0	2.7755575615628914e-17	0.24249400665524085	0.0	0.0	2.7755575615628914e-17	0.24249400665524085	56.85157321722267	68.65656533968365	80.64503118195404	0.07472160742870994	0.14437045603776597	0.22459666211566306
EXPLORATORY_NON_EVIDENCE	2000	0.1	0.05	20.0	12	1620.0	360.0	20.000000000000004	0.0	0.6666666666666666	0.0	2.7755575615628914e-17	0.24249400665524085	0.0	0.0	2.7755575615628914e-17	0.24249400665524085	57.847860248140904	69.47642492139354	81.07192337017798	0.07342571780855513	0.14437490081885396	0.22483136595893927
EXPLORATORY_NON_EVIDENCE	2000	0.1	0.05	30.0	12	1620.0	360.0	20.000000000000004	0.0	0.6666666666666666	0.0	2.7755575615628914e-17	0.24249400665524085	0.0	0.0	2.7755575615628914e-17	0.24249400665524085	59.23386130262426	70.77880815498898	81.23244885369053	0.08338792837466327	0.14438522668418236	0.22496147869308866
EXPLORATORY_NON_EVIDENCE	2000	0.1	0.1	0.0	12	1620.0	360.0	20.000000000000004	0.0	0.6666666666666666	0.0	2.7755575615628914e-17	0.24249400665524085	0.0	0.0	2.7755575615628914e-17	0.24249400665524085	61.6042892298576	66.46860000990313	87.78451506510673	0.04630642797618167	0.14305215181955477	0.35580104076524505
EXPLORATORY_NON_EVIDENCE	2000	0.1	0.1	5.0	12	1620.0	360.0	20.000000000000004	0.0	0.75	0.0	2.7755575615628914e-17	0.24249400665524085	0.0	0.0	2.7755575615628914e-17	0.24249400665524085	62.260659413247765	68.43620837159847	87.70401861519042	0.06310033607872556	0.13860975736917	0.355730013125424
EXPLORATORY_NON_EVIDENCE	2000	0.1	0.1	10.0	12	1620.0	360.0	20.000000000000004	0.0	0.75	0.0	2.7755575615628914e-17	0.24249400665524085	0.0	0.0	2.7755575615628914e-17	0.24249400665524085	62.012537520664026	73.76376632879334	87.696699659863	0.06744103896292447	0.13568650703012405	0.35565250292713363
EXPLORATORY_NON_EVIDENCE	2000	0.1	0.1	20.0	12	1620.0	360.0	20.000000000000004	0.0	0.8333333333333334	0.0	2.7755575615628914e-17	0.24249400665524085	0.0	0.0	2.7755575615628914e-17	0.24249400665524085	60.54349841587892	77.37638788527858	88.57640822417683	0.06941376504742533	0.14387337559723917	0.346036399837513
EXPLORATORY_NON_EVIDENCE	2000	0.1	0.1	30.0	12	1620.0	360.0	20.000000000000004	0.0	0.75	0.0	2.7755575615628914e-17	0.24249400665524085	0.0	0.0	2.7755575615628914e-17	0.24249400665524085	60.001056755109765	78.7485823560477	89.50702441548718	0.06921915199626703	0.15033092000737705	0.31638567293054165
EXPLORATORY_NON_EVIDENCE	2000	0.1	0.2	0.0	12	1620.0	360.0	20.000000000000004	0.0	1.0	0.0	2.7755575615628914e-17	0.24249400665524085	0.0	0.0	2.7755575615628914e-17	0.24249400665524085	62.995967466574896	80.91594999331075	85.75646180778999	0.12567513622867613	0.18364752004931714	0.258945927104813
EXPLORATORY_NON_EVIDENCE	2000	0.1	0.2	5.0	12	1620.0	360.0	20.000000000000004	0.0	1.0	0.0	2.7755575615628914e-17	0.24249400665524085	0.0	0.0	2.7755575615628914e-17	0.24249400665524085	62.78226507068037	81.74367274779769	86.01431535378842	0.12586926776234095	0.18438384773245553	0.2701820732849822
EXPLORATORY_NON_EVIDENCE	2000	0.1	0.2	10.0	12	1620.0	360.0	20.000000000000004	0.0	0.9166666666666666	0.0	2.7755575615628914e-17	0.24249400665524085	0.0	0.0	2.7755575615628914e-17	0.24249400665524085	62.5853496946519	83.04880654999215	86.13031945169354	0.12658939218870838	0.18493632892177897	0.27976983005229167
EXPLORATORY_NON_EVIDENCE	2000	0.1	0.2	20.0	12	1620.0	360.0	20.000000000000004	0.0	1.0	0.0	2.7755575615628914e-17	0.24249400665524085	0.0	0.0	2.7755575615628914e-17	0.24249400665524085	62.224520012364486	83.20195503528285	88.04474064037625	0.12716535534893583	0.18557533369446502	0.27756114294489087
EXPLORATORY_NON_EVIDENCE	2000	0.1	0.2	30.0	12	1620.0	360.0	20.000000000000004	0.0	1.0	0.0	2.7755575615628914e-17	0.24249400665524085	0.0	0.0	2.7755575615628914e-17	0.24249400665524085	61.87891367756493	83.46354748434734	88.31750093987081	0.13785889855415304	0.17426461339529686	0.2723341607705748
EXPLORATORY_NON_EVIDENCE	2000	0.2	0.05	0.0	12	1280.0000000000002	640.0	80.00000000000001	1.0	0.75	0.75	0.46769466506643426	0.9110583316059453	0.4537411294087232	0.0	2.7755575615628914e-17	0.24249400665524085	57.154960159110786	76.73105635066304	85.51334210603196	0.03963850483820981	0.14512042098763728	0.24879006281193414
EXPLORATORY_NON_EVIDENCE	2000	0.2	0.05	5.0	12	1280.0000000000002	640.0	80.00000000000001	1.0	0.75	0.75	0.46769466506643426	0.9110583316059453	0.4537411294087232	0.08333333333333333	0.014865094404917095	0.35387991114111694	57.5708181840366	77.2285021818692	85.52990264405933	0.03897935748077641	0.1434315063153202	0.24928260079110934
EXPLORATORY_NON_EVIDENCE	2000	0.2	0.05	10.0	12	1280.0000000000002	640.0	80.00000000000001	1.0	0.75	0.75	0.46769466506643426	0.9110583316059453	0.4537411294087232	0.08333333333333333	0.014865094404917095	0.35387991114111694	57.96530746252876	77.61518364584731	86.15620825864451	0.039060977890263505	0.14389862094360545	0.24977443074031314
EXPLORATORY_NON_EVIDENCE	2000	0.2	0.05	20.0	12	1280.0000000000002	640.0	80.00000000000001	1.0	0.5833333333333334	0.5833333333333334	0.31951131254954973	0.8067396863412435	0.4537411294087232	0.0	2.7755575615628914e-17	0.24249400665524085	57.96952575276015	77.39253589029194	87.50076510626643	0.032513854954059	0.14491938739081023	0.2365570249061999
EXPLORATORY_NON_EVIDENCE	2000	0.2	0.05	30.0	12	1280.0000000000002	640.0	80.00000000000001	1.0	0.5833333333333334	0.5833333333333334	0.31951131254954973	0.8067396863412435	0.4537411294087232	0.0	2.7755575615628914e-17	0.24249400665524085	58.138143672896895	76.88953413348992	88.0999648901877	0.021494961367472306	0.14612295106307016	0.24348841293334686
EXPLORATORY_NON_EVIDENCE	2000	0.2	0.1	0.0	12	1280.0000000000002	640.0	80.00000000000001	1.0	0.5833333333333334	0.5833333333333334	0.31951131254954973	0.8067396863412435	0.5362553579977671	0.0	2.7755575615628914e-17	0.24249400665524085	71.03421073170557	82.1921501571587	85.71067716748735	0.06452180367918485	0.11821259398086895	0.2798595085653048
EXPLORATORY_NON_EVIDENCE	2000	0.2	0.1	5.0	12	1280.0000000000002	640.0	80.00000000000001	1.0	0.6666666666666666	0.6666666666666666	0.39062208887279953	0.8618799089087867	0.5362553579977671	0.08333333333333333	0.014865094404917095	0.35387991114111694	70.50085738407749	81.39374160409912	86.09779786037687	0.06420738607934323	0.11439719199378993	0.27987317236940007
EXPLORATORY_NON_EVIDENCE	2000	0.2	0.1	10.0	12	1280.0000000000002	640.0	80.00000000000001	1.0	0.6666666666666666	0.6666666666666666	0.39062208887279953	0.8618799089087867	0.5362553579977671	0.08333333333333333	0.014865094404917095	0.35387991114111694	70.05325204555224	81.50278102424791	86.1917000658178	0.07157117207216489	0.12139689163422794	0.2798865143816195
EXPLORATORY_NON_EVIDENCE	2000	0.2	0.1	20.0	12	1280.0000000000002	640.0	80.00000000000001	1.0	0.75	0.75	0.46769466506643426	0.9110583316059453	0.5362553579977671	0.25	0.08894166839405471	0.5323053349335657	69.57302351016251	81.80806083027178	86.16575466035111	0.053249188047817045	0.11601739994985244	0.27991184381248424
EXPLORATORY_NON_EVIDENCE	2000	0.2	0.1	30.0	12	1280.0000000000002	640.0	80.00000000000001	1.0	0.6666666666666666	0.6666666666666666	0.39062208887279953	0.8618799089087867	0.5362553579977671	0.25	0.08894166839405471	0.5323053349335657	70.8125866346597	76.80083740284542	86.87013392392141	0.028939560005593657	0.12977213844779273	0.26616043900643543
EXPLORATORY_NON_EVIDENCE	2000	0.2	0.2	0.0	12	1280.0000000000002	640.0	80.00000000000001	1.0	1.0	1.0	0.7575059933447592	1.0	0.5568218918686233	0.0	2.7755575615628914e-17	0.24249400665524085	52.47315482034123	74.36869131586276	84.28436169490918	0.11384532647998988	0.20384919607394164	0.32185513989512515
EXPLORATORY_NON_EVIDENCE	2000	0.2	0.2	5.0	12	1280.0000000000002	640.0	80.00000000000001	1.0	1.0	1.0	0.7575059933447592	1.0	0.5568218918686233	0.0	2.7755575615628914e-17	0.24249400665524085	52.989884405087786	74.61816143408504	84.15859628499885	0.11390486314798245	0.20413369722702665	0.32236993867209884
EXPLORATORY_NON_EVIDENCE	2000	0.2	0.2	10.0	12	1280.0000000000002	640.0	80.00000000000001	1.0	1.0	1.0	0.7575059933447592	1.0	0.5568218918686233	0.0	2.7755575615628914e-17	0.24249400665524085	53.673378862439414	74.97876905045388	84.09399454189511	0.1139652606793963	0.20440423407571884	0.32036962261992685
EXPLORATORY_NON_EVIDENCE	2000	0.2	0.2	20.0	12	1280.0000000000002	640.0	80.00000000000001	1.0	1.0	1.0	0.7575059933447592	1.0	0.5568218918686233	0.0	2.7755575615628914e-17	0.24249400665524085	55.467423560955524	75.93767618404698	84.12994901744571	0.11408682020549778	0.2048846503681383	0.29514309621995577
EXPLORATORY_NON_EVIDENCE	2000	0.2	0.2	30.0	12	1280.0000000000002	640.0	80.00000000000001	1.0	1.0	1.0	0.7575059933447592	1.0	0.5568218918686233	0.08333333333333333	0.014865094404917095	0.35387991114111694	57.39359862512741	77.04310832928891	84.36248345032466	0.11420633161113217	0.20521710648221303	0.29143930354621944
EXPLORATORY_NON_EVIDENCE	2000	0.4	0.05	0.0	12	720.0	960.0	320.00000000000006	1.0	0.6666666666666666	0.6666666666666666	0.39062208887279953	0.8618799089087867	0.43117611264447825	0.0	2.7755575615628914e-17	0.24249400665524085	60.84756902099029	73.03859630245833	82.08604473738541	0.055908528330113554	0.17189759292621426	0.2942377312365574
EXPLORATORY_NON_EVIDENCE	2000	0.4	0.05	5.0	12	720.0	960.0	320.00000000000006	1.0	0.6666666666666666	0.6666666666666666	0.39062208887279953	0.8618799089087867	0.43117611264447825	0.0	2.7755575615628914e-17	0.24249400665524085	60.44095238427324	73.07274551556107	81.7555574577763	0.055901170328078245	0.1893470529037104	0.29431226382091236
EXPLORATORY_NON_EVIDENCE	2000	0.4	0.05	10.0	12	720.0	960.0	320.00000000000006	1.0	0.6666666666666666	0.6666666666666666	0.39062208887279953	0.8618799089087867	0.43117611264447825	0.08333333333333333	0.014865094404917095	0.35387991114111694	60.1566121199245	73.14188976693893	82.03043551898413	0.05589169971204748	0.20358969804119958	0.2943909263900246
EXPLORATORY_NON_EVIDENCE	2000	0.4	0.05	20.0	12	720.0	960.0	320.00000000000006	1.0	0.6666666666666666	0.6666666666666666	0.39062208887279953	0.8618799089087867	0.43117611264447825	0.16666666666666666	0.04696514218385378	0.4480308622529734	59.90070300907356	73.40782504311355	83.68007186592543	0.04340516937420139	0.21842322984770296	0.2945660801999436
EXPLORATORY_NON_EVIDENCE	2000	0.4	0.05	30.0	12	720.0	960.0	320.00000000000006	1.0	0.6666666666666666	0.6666666666666666	0.39062208887279953	0.8618799089087867	0.43117611264447825	0.16666666666666666	0.04696514218385378	0.4480308622529734	60.28294650175497	73.90455099236995	87.64932290313904	0.04336562661119408	0.2207163147007772	0.29723690430332905
EXPLORATORY_NON_EVIDENCE	2000	0.4	0.1	0.0	12	720.0	960.0	320.00000000000006	1.0	0.75	0.75	0.46769466506643426	0.9110583316059453	0.4927942104086475	0.0	2.7755575615628914e-17	0.24249400665524085	49.997442440115535	66.20676146251992	84.72524024499208	0.08513261605648033	0.18000207886441372	0.333384319400032
EXPLORATORY_NON_EVIDENCE	2000	0.4	0.1	5.0	12	720.0	960.0	320.00000000000006	1.0	0.75	0.75	0.46769466506643426	0.9110583316059453	0.4927942104086475	0.08333333333333333	0.014865094404917095	0.35387991114111694	50.389882313865215	66.58908382461202	85.07878009166066	0.08585769840161502	0.17997941900621836	0.33345327026246097
EXPLORATORY_NON_EVIDENCE	2000	0.4	0.1	10.0	12	720.0	960.0	320.00000000000006	1.0	0.75	0.75	0.46769466506643426	0.9110583316059453	0.4927942104086475	0.08333333333333333	0.014865094404917095	0.35387991114111694	50.49325308082911	67.01499926828761	85.49111952437423	0.08644489860848528	0.17995531232282902	0.33352382481223375
EXPLORATORY_NON_EVIDENCE	2000	0.4	0.1	20.0	12	720.0	960.0	320.00000000000006	1.0	0.75	0.75	0.46769466506643426	0.9110583316059453	0.4927942104086475	0.08333333333333333	0.014865094404917095	0.35387991114111694	51.07909549721311	72.40447591030077	86.49951446905732	0.08724618018487063	0.17839964322169982	0.3336676926244467
EXPLORATORY_NON_EVIDENCE	2000	0.4	0.1	30.0	12	720.0	960.0	320.00000000000006	1.0	0.75	0.75	0.46769466506643426	0.9110583316059453	0.4927942104086475	0.08333333333333333	0.014865094404917095	0.35387991114111694	52.497047224918575	74.06082682609554	85.80409997623165	0.08760966474582457	0.17492260669277998	0.3339685136118027
EXPLORATORY_NON_EVIDENCE	2000	0.4	0.2	0.0	12	720.0	960.0	320.00000000000006	1.0	0.75	0.75	0.46769466506643426	0.9110583316059453	0.40380869951059273	0.0	2.7755575615628914e-17	0.24249400665524085	51.26573122580641	73.56529409492448	84.6644837211732	0.08865813579942912	0.19037261660695887	0.3366757707677255
EXPLORATORY_NON_EVIDENCE	2000	0.4	0.2	5.0	12	720.0	960.0	320.00000000000006	1.0	0.75	0.75	0.46769466506643426	0.9110583316059453	0.40380869951059273	0.08333333333333333	0.014865094404917095	0.35387991114111694	51.301341138589734	73.80779301114771	84.67663216318851	0.08856051922130691	0.18912826347986936	0.33663016342063373
EXPLORATORY_NON_EVIDENCE	2000	0.4	0.2	10.0	12	720.0	960.0	320.00000000000006	1.0	0.8333333333333334	0.8333333333333334	0.5519691377470266	0.9530348578161463	0.40380869951059273	0.08333333333333333	0.014865094404917095	0.35387991114111694	51.52787781555252	74.03456648418867	85.17791005367128	0.09129539284555857	0.1880151947351324	0.33644868414691365
EXPLORATORY_NON_EVIDENCE	2000	0.4	0.2	20.0	12	720.0	960.0	320.00000000000006	1.0	0.9166666666666666	0.9166666666666666	0.646120088858883	0.9851349055950829	0.40380869951059273	0.16666666666666666	0.04696514218385378	0.4480308622529734	51.77296961883524	74.47464060860928	87.1285620513799	0.11411787190729845	0.19341641485651	0.32146630132026516
EXPLORATORY_NON_EVIDENCE	2000	0.4	0.2	30.0	12	720.0	960.0	320.00000000000006	1.0	0.9166666666666666	0.9166666666666666	0.646120088858883	0.9851349055950829	0.40380869951059273	0.5	0.2537815976337061	0.7462184023662939	52.87467498248417	74.8936948993776	87.23829676014816	0.13115410510584938	0.19598114373276532	0.30010456056723245
EXPLORATORY_NON_EVIDENCE	10000	0.05	0.05	0.0	12	9025.0	950.0	25.000000000000004	0.0	0.3333333333333333	0.0	2.7755575615628914e-17	0.24249400665524085	0.0	0.0	2.7755575615628914e-17	0.24249400665524085	35.95554602385783	55.55796809008811	84.92461396461321	0.06366751645925509	0.08808582850321686	0.17715796282615232
EXPLORATORY_NON_EVIDENCE	10000	0.05	0.05	5.0	12	9025.0	950.0	25.000000000000004	0.0	0.3333333333333333	0.0	2.7755575615628914e-17	0.24249400665524085	0.0	0.0	2.7755575615628914e-17	0.24249400665524085	34.43719022402828	55.99898924530628	85.07667480827598	0.06367601533593849	0.08812503487390115	0.1771461474640833
EXPLORATORY_NON_EVIDENCE	10000	0.05	0.05	10.0	12	9025.0	950.0	25.000000000000004	0.0	0.3333333333333333	0.0	2.7755575615628914e-17	0.24249400665524085	0.0	0.0	2.7755575615628914e-17	0.24249400665524085	33.20691217911878	56.71528058695107	85.2498712605224	0.0636856548909064	0.08891043329243387	0.17713494084025752
EXPLORATORY_NON_EVIDENCE	10000	0.05	0.05	20.0	12	9025.0	950.0	25.000000000000004	0.0	0.3333333333333333	0.0	2.7755575615628914e-17	0.24249400665524085	0.0	0.0	2.7755575615628914e-17	0.24249400665524085	31.60432585267822	55.142623845516944	85.667762654852	0.06370810940037383	0.09011160710714253	0.17711469169100727
EXPLORATORY_NON_EVIDENCE	10000	0.05	0.05	30.0	12	9025.0	950.0	25.000000000000004	0.0	0.3333333333333333	0.0	2.7755575615628914e-17	0.24249400665524085	0.0	0.0	2.7755575615628914e-17	0.24249400665524085	34.10339759108111	56.66189331728425	86.20331318551763	0.06373431474721288	0.09071441276373268	0.177097836154947
EXPLORATORY_NON_EVIDENCE	10000	0.05	0.1	0.0	12	9025.0	950.0	25.000000000000004	0.0	0.6666666666666666	0.0	2.7755575615628914e-17	0.24249400665524085	0.0	0.0	2.7755575615628914e-17	0.24249400665524085	40.06755531601886	59.874080243487285	78.76851221245344	0.06617931678469821	0.12757174695577525	0.176673818684147
EXPLORATORY_NON_EVIDENCE	10000	0.05	0.1	5.0	12	9025.0	950.0	25.000000000000004	0.0	0.6666666666666666	0.0	2.7755575615628914e-17	0.24249400665524085	0.0	0.0	2.7755575615628914e-17	0.24249400665524085	39.71945738880509	59.64141983353937	78.82548771963141	0.05935122378413126	0.12758648815855514	0.17668430021235298
EXPLORATORY_NON_EVIDENCE	10000	0.05	0.1	10.0	12	9025.0	950.0	25.000000000000004	0.0	0.6666666666666666	0.0	2.7755575615628914e-17	0.24249400665524085	0.0	0.0	2.7755575615628914e-17	0.24249400665524085	39.515316330596924	59.52079561278542	78.86700698707733	0.05813182886885915	0.12759859002238638	0.17669542900079405
EXPLORATORY_NON_EVIDENCE	10000	0.05	0.1	20.0	12	9025.0	950.0	25.000000000000004	0.0	0.6666666666666666	0.0	2.7755575615628914e-17	0.24249400665524085	0.0	0.0	2.7755575615628914e-17	0.24249400665524085	39.52339250811466	59.63719491028386	84.2353153573183	0.06452088766637558	0.12761455204000477	0.1767193125363314
EXPLORATORY_NON_EVIDENCE	10000	0.05	0.1	30.0	12	9025.0	950.0	25.000000000000004	0.0	0.6666666666666666	0.0	2.7755575615628914e-17	0.24249400665524085	0.0	0.0	2.7755575615628914e-17	0.24249400665524085	40.01846243894902	61.252043531304196	84.19774843620878	0.06828926684718425	0.12761916530555928	0.17674479760110556
EXPLORATORY_NON_EVIDENCE	10000	0.05	0.2	0.0	12	9025.0	950.0	25.000000000000004	0.0	0.6666666666666666	0.0	2.7755575615628914e-17	0.24249400665524085	0.0	0.0	2.7755575615628914e-17	0.24249400665524085	30.221736351516686	48.06283601681374	76.93321335800503	0.06558262390869497	0.1850122141413753	0.27249683067288927
EXPLORATORY_NON_EVIDENCE	10000	0.05	0.2	5.0	12	9025.0	950.0	25.000000000000004	0.0	0.6666666666666666	0.0	2.7755575615628914e-17	0.24249400665524085	0.0	0.0	2.7755575615628914e-17	0.24249400665524085	30.464928353920524	49.26488023967928	77.5495279172362	0.07364753886720961	0.18479468641841934	0.2739536964706949
EXPLORATORY_NON_EVIDENCE	10000	0.05	0.2	10.0	12	9025.0	950.0	25.000000000000004	0.0	0.6666666666666666	0.0	2.7755575615628914e-17	0.24249400665524085	0.0	0.0	2.7755575615628914e-17	0.24249400665524085	30.771463339710497	49.41573443215893	78.4289807417379	0.07771788280124109	0.16770084670365218	0.2618708908901852
EXPLORATORY_NON_EVIDENCE	10000	0.05	0.2	20.0	12	9025.0	950.0	25.000000000000004	0.0	0.6666666666666666	0.0	2.7755575615628914e-17	0.24249400665524085	0.0	0.0	2.7755575615628914e-17	0.24249400665524085	32.70777444276424	51.90338452420962	80.89795622594086	0.05454253222282058	0.1710085398309309	0.2614467596919428
EXPLORATORY_NON_EVIDENCE	10000	0.05	0.2	30.0	12	9025.0	950.0	25.000000000000004	0.0	0.6666666666666666	0.0	2.7755575615628914e-17	0.24249400665524085	0.0	0.0	2.7755575615628914e-17	0.24249400665524085	34.84239959688139	58.98640267924118	84.0647333816852	0.055884316889356335	0.1713630291551619	0.2608630743602896
EXPLORATORY_NON_EVIDENCE	10000	0.1	0.05	0.0	12	8100.000000000001	1800.0	100.00000000000001	1.0	0.5	0.5	0.2537815976337061	0.7462184023662939	0.3438132856936898	0.0	2.7755575615628914e-17	0.24249400665524085	36.08511008328292	58.16214297477837	84.55025544264144	0.022037985553212625	0.09469261261361137	0.11892074735811826
EXPLORATORY_NON_EVIDENCE	10000	0.1	0.05	5.0	12	8100.000000000001	1800.0	100.00000000000001	1.0	0.5	0.5	0.2537815976337061	0.7462184023662939	0.3438132856936898	0.0	2.7755575615628914e-17	0.24249400665524085	35.325495197974234	53.817032942677514	84.57474943410287	0.019911658387146768	0.09189957520508515	0.1184911794888801
EXPLORATORY_NON_EVIDENCE	10000	0.1	0.05	10.0	12	8100.000000000001	1800.0	100.00000000000001	1.0	0.5	0.5	0.2537815976337061	0.7462184023662939	0.3438132856936898	0.08333333333333333	0.014865094404917095	0.35387991114111694	34.55312319015134	53.842582254561634	84.58998248295553	0.025746237710706884	0.08968612157882994	0.11809196386313472
EXPLORATORY_NON_EVIDENCE	10000	0.1	0.05	20.0	12	8100.000000000001	1800.0	100.00000000000001	1.0	0.5	0.5	0.2537815976337061	0.7462184023662939	0.3438132856936898	0.16666666666666666	0.04696514218385378	0.4480308622529734	33.86218727314639	54.45114475690371	83.80530953744594	0.02573653504636466	0.09905907247800116	0.1174323224963179
EXPLORATORY_NON_EVIDENCE	10000	0.1	0.05	30.0	12	8100.000000000001	1800.0	100.00000000000001	1.0	0.5833333333333334	0.5833333333333334	0.31951131254954973	0.8067396863412435	0.3438132856936898	0.3333333333333333	0.13812009109121315	0.6093779111272004	34.08986305572088	56.65497324628876	81.01488528361755	0.02572505513546528	0.10619359991876118	0.15067587507319857
EXPLORATORY_NON_EVIDENCE	10000	0.1	0.1	0.0	12	8100.000000000001	1800.0	100.00000000000001	1.0	0.3333333333333333	0.3333333333333333	0.13812009109121315	0.6093779111272004	0.34504653644500566	0.0	2.7755575615628914e-17	0.24249400665524085	37.193089220176056	55.58717335407523	76.88596886487213	0.028762428612770816	0.0626263757840892	0.16109832730525245
EXPLORATORY_NON_EVIDENCE	10000	0.1	0.1	5.0	12	8100.000000000001	1800.0	100.00000000000001	1.0	0.3333333333333333	0.3333333333333333	0.13812009109121315	0.6093779111272004	0.34504653644500566	0.0	2.7755575615628914e-17	0.24249400665524085	37.59339533060052	54.48316202616231	77.17748449571064	0.028741901875559278	0.0626129909148163	0.16117776453264335
EXPLORATORY_NON_EVIDENCE	10000	0.1	0.1	10.0	12	8100.000000000001	1800.0	100.00000000000001	1.0	0.3333333333333333	0.3333333333333333	0.13812009109121315	0.6093779111272004	0.34504653644500566	0.0	2.7755575615628914e-17	0.24249400665524085	41.18574721177867	53.77023877164832	77.51092790088286	0.028722969860660946	0.06478215254231262	0.16049249189861897
EXPLORATORY_NON_EVIDENCE	10000	0.1	0.1	20.0	12	8100.000000000001	1800.0	100.00000000000001	1.0	0.3333333333333333	0.3333333333333333	0.13812009109121315	0.6093779111272004	0.34504653644500566	0.08333333333333333	0.014865094404917095	0.35387991114111694	42.03083618381716	53.49495311813513	78.52781115338941	0.028690444562427624	0.07549443084794749	0.16091212898554086
EXPLORATORY_NON_EVIDENCE	10000	0.1	0.1	30.0	12	8100.000000000001	1800.0	100.00000000000001	1.0	0.3333333333333333	0.3333333333333333	0.13812009109121315	0.6093779111272004	0.34504653644500566	0.08333333333333333	0.014865094404917095	0.35387991114111694	42.48890686167527	55.656714825978256	79.6779565196812	0.02866582694224548	0.07777599925487885	0.1641773624078122
EXPLORATORY_NON_EVIDENCE	10000	0.1	0.2	0.0	12	8100.000000000001	1800.0	100.00000000000001	1.0	0.8333333333333334	0.8333333333333334	0.5519691377470266	0.9530348578161463	0.39916592803168544	0.0	2.7755575615628914e-17	0.24249400665524085	32.92985646418369	45.26493174534925	84.33238118752001	0.05654365023953117	0.2311898913117062	0.29838911950700087
EXPLORATORY_NON_EVIDENCE	10000	0.1	0.2	5.0	12	8100.000000000001	1800.0	100.00000000000001	1.0	0.8333333333333334	0.8333333333333334	0.5519691377470266	0.9530348578161463	0.39916592803168544	0.0	2.7755575615628914e-17	0.24249400665524085	32.36328776374707	46.29271207138274	82.70554328614479	0.05679801000879883	0.2308203177786801	0.29841506067638235
EXPLORATORY_NON_EVIDENCE	10000	0.1	0.2	10.0	12	8100.000000000001	1800.0	100.00000000000001	1.0	0.8333333333333334	0.8333333333333334	0.5519691377470266	0.9530348578161463	0.39916592803168544	0.0	2.7755575615628914e-17	0.24249400665524085	32.26591972889648	47.53067573349256	81.88840431220817	0.0574961471270566	0.2307710368409193	0.2984395143490045
EXPLORATORY_NON_EVIDENCE	10000	0.1	0.2	20.0	12	8100.000000000001	1800.0	100.00000000000001	1.0	0.8333333333333334	0.8333333333333334	0.5519691377470266	0.9530348578161463	0.39916592803168544	0.0	2.7755575615628914e-17	0.24249400665524085	31.89525384337361	49.20527312984488	78.49489251354694	0.06115078626582914	0.2316470226130558	0.2984832696956027
EXPLORATORY_NON_EVIDENCE	10000	0.1	0.2	30.0	12	8100.000000000001	1800.0	100.00000000000001	1.0	0.8333333333333334	0.8333333333333334	0.5519691377470266	0.9530348578161463	0.39916592803168544	0.0	2.7755575615628914e-17	0.24249400665524085	32.649919862759056	51.502425102894456	74.10470799496763	0.0674567814300256	0.20994231369130378	0.298519114863199
EXPLORATORY_NON_EVIDENCE	10000	0.2	0.05	0.0	12	6400.000000000001	3200.0	400.00000000000006	1.0	0.3333333333333333	0.3333333333333333	0.13812009109121315	0.6093779111272004	0.3891494690434442	0.0	2.7755575615628914e-17	0.24249400665524085	26.903259521938	58.1498260553254	75.69895282532462	0.051975161897363134	0.07724482931566533	0.11879312257787325
EXPLORATORY_NON_EVIDENCE	10000	0.2	0.05	5.0	12	6400.000000000001	3200.0	400.00000000000006	1.0	0.3333333333333333	0.3333333333333333	0.13812009109121315	0.6093779111272004	0.3891494690434442	0.0	2.7755575615628914e-17	0.24249400665524085	27.38739733232367	57.799944600219355	75.52035559884379	0.05192711774814689	0.07727694484260489	0.11864656836908224
EXPLORATORY_NON_EVIDENCE	10000	0.2	0.05	10.0	12	6400.000000000001	3200.0	400.00000000000006	1.0	0.3333333333333333	0.3333333333333333	0.13812009109121315	0.6093779111272004	0.3891494690434442	0.0	2.7755575615628914e-17	0.24249400665524085	28.216328606114487	57.43258188317703	75.345376732927	0.051879652582895175	0.0773093025075394	0.11850551429457283
EXPLORATORY_NON_EVIDENCE	10000	0.2	0.05	20.0	12	6400.000000000001	3200.0	400.00000000000006	1.0	0.3333333333333333	0.3333333333333333	0.13812009109121315	0.6093779111272004	0.3891494690434442	0.0	2.7755575615628914e-17	0.24249400665524085	31.3142913850964	57.367932013282086	75.01629869114485	0.05178779090312141	0.07737380947833586	0.11824493300816252
EXPLORATORY_NON_EVIDENCE	10000	0.2	0.05	30.0	12	6400.000000000001	3200.0	400.00000000000006	1.0	0.3333333333333333	0.3333333333333333	0.13812009109121315	0.6093779111272004	0.3891494690434442	0.08333333333333333	0.014865094404917095	0.35387991114111694	36.73441008019933	58.0259706508547	74.91852906749354	0.05170216025317799	0.07743645892084787	0.11814029065331455
EXPLORATORY_NON_EVIDENCE	10000	0.2	0.1	0.0	12	6400.000000000001	3200.0	400.00000000000006	1.0	0.5	0.5	0.2537815976337061	0.7462184023662939	0.36356464236858255	0.0	2.7755575615628914e-17	0.24249400665524085	33.00246213377378	61.2627450808384	84.19142654820772	0.07871466135865456	0.09797050741236232	0.17275811056475707
EXPLORATORY_NON_EVIDENCE	10000	0.2	0.1	5.0	12	6400.000000000001	3200.0	400.00000000000006	1.0	0.5	0.5	0.2537815976337061	0.7462184023662939	0.36356464236858255	0.08333333333333333	0.014865094404917095	0.35387991114111694	33.02277718342028	61.106625044648474	83.66570058952091	0.07866462409114075	0.09800503693815707	0.17798160719038214
EXPLORATORY_NON_EVIDENCE	10000	0.2	0.1	10.0	12	6400.000000000001	3200.0	400.00000000000006	1.0	0.5	0.5	0.2537815976337061	0.7462184023662939	0.36356464236858255	0.08333333333333333	0.014865094404917095	0.35387991114111694	33.7682308683204	61.68949641046537	83.13354518488936	0.07861726756126498	0.09803673977611974	0.18253191851715048
EXPLORATORY_NON_EVIDENCE	10000	0.2	0.1	20.0	12	6400.000000000001	3200.0	400.00000000000006	1.0	0.5	0.5	0.2537815976337061	0.7462184023662939	0.36356464236858255	0.08333333333333333	0.014865094404917095	0.35387991114111694	37.34927998423429	63.08136569197052	82.08276042234881	0.07853197973871562	0.099525409080866	0.1821140334975059
EXPLORATORY_NON_EVIDENCE	10000	0.2	0.1	30.0	12	6400.000000000001	3200.0	400.00000000000006	1.0	0.5833333333333334	0.5833333333333334	0.31951131254954973	0.8067396863412435	0.36356464236858255	0.08333333333333333	0.014865094404917095	0.35387991114111694	42.918459474235405	64.43980738054441	81.12739095682605	0.07846135293462302	0.10244754835079514	0.18179413392652366
EXPLORATORY_NON_EVIDENCE	10000	0.2	0.2	0.0	12	6400.000000000001	3200.0	400.00000000000006	1.0	0.8333333333333334	0.8333333333333334	0.5519691377470266	0.9530348578161463	0.32795803593383666	0.0	2.7755575615628914e-17	0.24249400665524085	28.609150882775836	52.991527862502096	72.95423963755803	0.09970398441861084	0.15914985221315822	0.29720676861428624
EXPLORATORY_NON_EVIDENCE	10000	0.2	0.2	5.0	12	6400.000000000001	3200.0	400.00000000000006	1.0	0.8333333333333334	0.8333333333333334	0.5519691377470266	0.9530348578161463	0.32795803593383666	0.08333333333333333	0.014865094404917095	0.35387991114111694	28.28108718074028	53.567339718412654	73.07923772060059	0.09863683454036853	0.1589226803898117	0.2966780113914673
EXPLORATORY_NON_EVIDENCE	10000	0.2	0.2	10.0	12	6400.000000000001	3200.0	400.00000000000006	1.0	0.8333333333333334	0.8333333333333334	0.5519691377470266	0.9530348578161463	0.32795803593383666	0.16666666666666666	0.04696514218385378	0.4480308622529734	28.900164771211323	54.2291122459594	73.21803800585147	0.09777317085869972	0.15723879840578817	0.296079064132677
EXPLORATORY_NON_EVIDENCE	10000	0.2	0.2	20.0	12	6400.000000000001	3200.0	400.00000000000006	1.0	0.75	0.75	0.46769466506643426	0.9110583316059453	0.32795803593383666	0.16666666666666666	0.04696514218385378	0.4480308622529734	30.90777548069054	55.71375478783017	73.52948408127763	0.08767940589831308	0.1520116461272562	0.29463050927713674
EXPLORATORY_NON_EVIDENCE	10000	0.2	0.2	30.0	12	6400.000000000001	3200.0	400.00000000000006	1.0	0.6666666666666666	0.6666666666666666	0.39062208887279953	0.8618799089087867	0.32795803593383666	0.16666666666666666	0.04696514218385378	0.4480308622529734	34.85175076486633	56.613511433291	73.8946733000402	0.07468431139956813	0.15200621819107937	0.29273913144565705
EXPLORATORY_NON_EVIDENCE	10000	0.4	0.05	0.0	12	3600.0	4800.0	1600.0000000000002	1.0	0.6666666666666666	0.6666666666666666	0.39062208887279953	0.8618799089087867	0.34176406019233135	0.0	2.7755575615628914e-17	0.24249400665524085	45.62018042466044	59.5318562226211	79.06730878754512	0.023260365084743787	0.14343163547256088	0.19815965878513905
EXPLORATORY_NON_EVIDENCE	10000	0.4	0.05	5.0	12	3600.0	4800.0	1600.0000000000002	1.0	0.6666666666666666	0.6666666666666666	0.39062208887279953	0.8618799089087867	0.34176406019233135	0.0	2.7755575615628914e-17	0.24249400665524085	45.6644113002604	59.48734546245804	79.00176611707904	0.023294084293046736	0.13889579302339713	0.19794799220342846
EXPLORATORY_NON_EVIDENCE	10000	0.4	0.05	10.0	12	3600.0	4800.0	1600.0000000000002	1.0	0.6666666666666666	0.6666666666666666	0.39062208887279953	0.8618799089087867	0.34176406019233135	0.08333333333333333	0.014865094404917095	0.35387991114111694	45.75885770989032	59.45731443056532	78.95159598370552	0.02334339979014056	0.13321885711711223	0.19765002687871916
EXPLORATORY_NON_EVIDENCE	10000	0.4	0.05	20.0	12	3600.0	4800.0	1600.0000000000002	1.0	0.5833333333333334	0.5833333333333334	0.31951131254954973	0.8067396863412435	0.34176406019233135	0.08333333333333333	0.014865094404917095	0.35387991114111694	46.181855312287865	59.447132993634305	78.89872815015676	0.022936559104704237	0.1311922209162754	0.19671603687464306
EXPLORATORY_NON_EVIDENCE	10000	0.4	0.05	30.0	12	3600.0	4800.0	1600.0000000000002	1.0	0.5833333333333334	0.5833333333333334	0.31951131254954973	0.8067396863412435	0.34176406019233135	0.08333333333333333	0.014865094404917095	0.35387991114111694	47.200348906680354	59.53198254877874	78.91700282165804	0.02305893593940976	0.1313173896463025	0.19509892570631462
EXPLORATORY_NON_EVIDENCE	10000	0.4	0.1	0.0	12	3600.0	4800.0	1600.0000000000002	1.0	0.5	0.5	0.2537815976337061	0.7462184023662939	0.24070244846543595	0.0	2.7755575615628914e-17	0.24249400665524085	30.90367670912424	41.99697125336055	64.66837624484248	0.062222797870001345	0.09775037452812899	0.20931169971818211
EXPLORATORY_NON_EVIDENCE	10000	0.4	0.1	5.0	12	3600.0	4800.0	1600.0000000000002	1.0	0.5	0.5	0.2537815976337061	0.7462184023662939	0.24070244846543595	0.08333333333333333	0.014865094404917095	0.35387991114111694	31.708214536628397	42.05700007717955	64.71987508334948	0.06179794452946336	0.09772439578610631	0.20951957190209008
EXPLORATORY_NON_EVIDENCE	10000	0.4	0.1	10.0	12	3600.0	4800.0	1600.0000000000002	1.0	0.5	0.5	0.2537815976337061	0.7462184023662939	0.24070244846543595	0.08333333333333333	0.014865094404917095	0.35387991114111694	33.26190593278977	42.41273407434147	64.81481322245173	0.061450493469483336	0.09769807367327951	0.20963807037977014
EXPLORATORY_NON_EVIDENCE	10000	0.4	0.1	20.0	12	3600.0	4800.0	1600.0000000000002	1.0	0.5	0.5	0.2537815976337061	0.7462184023662939	0.24070244846543595	0.08333333333333333	0.014865094404917095	0.35387991114111694	37.73891864486068	44.2902649370034	66.06865422883281	0.06586316084081213	0.09764509959469858	0.20986108517839405
EXPLORATORY_NON_EVIDENCE	10000	0.4	0.1	30.0	12	3600.0	4800.0	1600.0000000000002	1.0	0.5	0.5	0.2537815976337061	0.7462184023662939	0.24070244846543595	0.16666666666666666	0.04696514218385378	0.4480308622529734	43.25486241248958	48.074893188430806	67.33490342460281	0.06559813065706951	0.0975928375323134	0.21006870224317922
EXPLORATORY_NON_EVIDENCE	10000	0.4	0.2	0.0	12	3600.0	4800.0	1600.0000000000002	1.0	0.75	0.75	0.46769466506643426	0.9110583316059453	0.3622622585148509	0.0	2.7755575615628914e-17	0.24249400665524085	38.40673904549402	54.13671048334972	80.08958611986407	0.04757749059262202	0.1428510411133	0.2477706206540029
EXPLORATORY_NON_EVIDENCE	10000	0.4	0.2	5.0	12	3600.0	4800.0	1600.0000000000002	1.0	0.75	0.75	0.46769466506643426	0.9110583316059453	0.3622622585148509	0.0	2.7755575615628914e-17	0.24249400665524085	39.0007959626059	54.133502406439376	80.10044373693559	0.048766420202856674	0.14290561486714384	0.24781113199108357
EXPLORATORY_NON_EVIDENCE	10000	0.4	0.2	10.0	12	3600.0	4800.0	1600.0000000000002	1.0	0.75	0.75	0.46769466506643426	0.9110583316059453	0.3622622585148509	0.08333333333333333	0.014865094404917095	0.35387991114111694	39.81221118304955	54.17402248690161	80.08767024056169	0.04996382591070923	0.1429596295246145	0.24785677017823277
EXPLORATORY_NON_EVIDENCE	10000	0.4	0.2	20.0	12	3600.0	4800.0	1600.0000000000002	1.0	0.75	0.75	0.46769466506643426	0.9110583316059453	0.3622622585148509	0.08333333333333333	0.014865094404917095	0.35387991114111694	40.13008849220261	54.45837240885098	79.99680307596009	0.05238165281323841	0.1430644981129342	0.2479661062266957
EXPLORATORY_NON_EVIDENCE	10000	0.4	0.2	30.0	12	3600.0	4800.0	1600.0000000000002	1.0	0.75	0.75	0.46769466506643426	0.9110583316059453	0.3622622585148509	0.08333333333333333	0.014865094404917095	0.35387991114111694	43.622575811019686	55.25769714613553	80.68704968328171	0.05483891577597942	0.14137637666671748	0.24810617462341417
EXPLORATORY_NON_EVIDENCE	50000	0.05	0.05	0.0	12	45125.0	4750.0	125.00000000000003	1.0	0.0	0.0	2.7755575615628914e-17	0.24249400665524085	0.0	0.0	2.7755575615628914e-17	0.24249400665524085	22.906894471901214	47.46984940907153	87.38774232791043	0.023791165191989656	0.05860371437356164	0.09257687881484668
EXPLORATORY_NON_EVIDENCE	50000	0.05	0.05	5.0	12	45125.0	4750.0	125.00000000000003	1.0	0.0	0.0	2.7755575615628914e-17	0.24249400665524085	0.0	0.0	2.7755575615628914e-17	0.24249400665524085	22.95358264461547	47.74627541860836	87.40882656165816	0.02379518070652506	0.05860630811889728	0.09344584516167624
EXPLORATORY_NON_EVIDENCE	50000	0.05	0.05	10.0	12	45125.0	4750.0	125.00000000000003	1.0	0.0	0.0	2.7755575615628914e-17	0.24249400665524085	0.0	0.0	2.7755575615628914e-17	0.24249400665524085	23.50621814278271	48.23819525654839	87.43219988592553	0.023799411870125145	0.058608499752189444	0.09408444067523643
EXPLORATORY_NON_EVIDENCE	50000	0.05	0.05	20.0	12	45125.0	4750.0	125.00000000000003	1.0	0.0	0.0	2.7755575615628914e-17	0.24249400665524085	0.0	0.0	2.7755575615628914e-17	0.24249400665524085	26.379650874125122	49.90309480616054	87.49183823844616	0.023808379550938695	0.05861161859887006	0.09472983272491982
EXPLORATORY_NON_EVIDENCE	50000	0.05	0.05	30.0	12	45125.0	4750.0	125.00000000000003	1.0	0.0	0.0	2.7755575615628914e-17	0.24249400665524085	0.0	0.0	2.7755575615628914e-17	0.24249400665524085	31.381055052188433	52.59916174850956	87.58609589634283	0.02381776879009319	0.05861297436036439	0.09462415088946174
EXPLORATORY_NON_EVIDENCE	50000	0.05	0.1	0.0	12	45125.0	4750.0	125.00000000000003	1.0	0.16666666666666666	0.16666666666666666	0.04696514218385378	0.4480308622529734	0.167083438422186	0.0	2.7755575615628914e-17	0.24249400665524085	26.849862943774838	34.69067371317692	48.33691529940062	0.07420383383948197	0.08870373191548314	0.10479338996224655
EXPLORATORY_NON_EVIDENCE	50000	0.05	0.1	5.0	12	45125.0	4750.0	125.00000000000003	1.0	0.16666666666666666	0.16666666666666666	0.04696514218385378	0.4480308622529734	0.167083438422186	0.08333333333333333	0.014865094404917095	0.35387991114111694	26.563401668963937	34.86061261475662	48.140770289512936	0.07421514081227439	0.08983507994888645	0.10478738239741496
EXPLORATORY_NON_EVIDENCE	50000	0.05	0.1	10.0	12	45125.0	4750.0	125.00000000000003	1.0	0.16666666666666666	0.16666666666666666	0.04696514218385378	0.4480308622529734	0.167083438422186	0.08333333333333333	0.014865094404917095	0.35387991114111694	26.95308568786783	35.19430913592721	48.036382738866486	0.07422603972941146	0.09093129401944686	0.10478173099122214
EXPLORATORY_NON_EVIDENCE	50000	0.05	0.1	20.0	12	45125.0	4750.0	125.00000000000003	1.0	0.16666666666666666	0.16666666666666666	0.04696514218385378	0.4480308622529734	0.167083438422186	0.08333333333333333	0.014865094404917095	0.35387991114111694	28.394849523614646	37.332560882765804	48.18084030429344	0.07424630861133183	0.09240102315797871	0.1047716813133032
EXPLORATORY_NON_EVIDENCE	50000	0.05	0.1	30.0	12	45125.0	4750.0	125.00000000000003	1.0	0.16666666666666666	0.16666666666666666	0.04696514218385378	0.4480308622529734	0.167083438422186	0.08333333333333333	0.014865094404917095	0.35387991114111694	29.53979104003789	40.723725676808485	49.96179970799647	0.07426406529381428	0.09239495700008027	0.10476357769396799
EXPLORATORY_NON_EVIDENCE	50000	0.05	0.2	0.0	12	45125.0	4750.0	125.00000000000003	1.0	0.9166666666666666	0.9166666666666666	0.646120088858883	0.9851349055950829	0.26790600901521294	0.0	2.7755575615628914e-17	0.24249400665524085	21.26688593662754	36.0669131157165	58.62284889146599	0.10521892101083015	0.18586897862663038	0.2547164807370577
EXPLORATORY_NON_EVIDENCE	50000	0.05	0.2	5.0	12	45125.0	4750.0	125.00000000000003	1.0	0.9166666666666666	0.9166666666666666	0.646120088858883	0.9851349055950829	0.26790600901521294	0.08333333333333333	0.014865094404917095	0.35387991114111694	22.477953828963525	36.27908106627403	58.91233596213886	0.10385744743677175	0.1858636499693929	0.2545454281365034
EXPLORATORY_NON_EVIDENCE	50000	0.05	0.2	10.0	12	45125.0	4750.0	125.00000000000003	1.0	0.8333333333333334	0.8333333333333334	0.5519691377470266	0.9530348578161463	0.26790600901521294	0.0	2.7755575615628914e-17	0.24249400665524085	24.342419808281537	36.897643854725764	59.33073700637247	0.10233804080614035	0.18585866464725304	0.25394234831975626
EXPLORATORY_NON_EVIDENCE	50000	0.05	0.2	20.0	12	45125.0	4750.0	125.00000000000003	1.0	0.8333333333333334	0.8333333333333334	0.5519691377470266	0.9530348578161463	0.26790600901521294	0.0	2.7755575615628914e-17	0.24249400665524085	29.69605574585778	39.10144869455796	60.35220284965166	0.09874657845867825	0.18538322631610588	0.25395113986274315
EXPLORATORY_NON_EVIDENCE	50000	0.05	0.2	30.0	12	45125.0	4750.0	125.00000000000003	1.0	0.8333333333333334	0.8333333333333334	0.5519691377470266	0.9530348578161463	0.26790600901521294	0.08333333333333333	0.014865094404917095	0.35387991114111694	34.590175788211106	43.17132365221199	62.93770179482532	0.09373344866504123	0.17630949692518127	0.253958242588228
EXPLORATORY_NON_EVIDENCE	50000	0.1	0.05	0.0	12	40500.0	9000.0	500.0000000000001	1.0	0.08333333333333333	0.08333333333333333	0.014865094404917095	0.35387991114111694	0.11353989448113426	0.0	2.7755575615628914e-17	0.24249400665524085	24.23939375853927	51.23580438500565	79.41285434225979	0.028929383328525158	0.05960302363101822	0.0950233471505054
EXPLORATORY_NON_EVIDENCE	50000	0.1	0.05	5.0	12	40500.0	9000.0	500.0000000000001	1.0	0.08333333333333333	0.08333333333333333	0.014865094404917095	0.35387991114111694	0.11353989448113426	0.0	2.7755575615628914e-17	0.24249400665524085	23.00326169885142	51.1961985696021	79.33061652718001	0.028914755609608843	0.059606836020772005	0.09502753402824117
EXPLORATORY_NON_EVIDENCE	50000	0.1	0.05	10.0	12	40500.0	9000.0	500.0000000000001	1.0	0.08333333333333333	0.08333333333333333	0.014865094404917095	0.35387991114111694	0.11353989448113426	0.0	2.7755575615628914e-17	0.24249400665524085	23.065993001772913	51.26313263449139	79.25129019156432	0.028900523115881923	0.05961027984127319	0.09503175378635219
EXPLORATORY_NON_EVIDENCE	50000	0.1	0.05	20.0	12	40500.0	9000.0	500.0000000000001	1.0	0.08333333333333333	0.08333333333333333	0.014865094404917095	0.35387991114111694	0.11353989448113426	0.0	2.7755575615628914e-17	0.24249400665524085	28.120964803536985	51.72804472086747	79.10438204279549	0.028873676524955753	0.05961598511053241	0.09504020375539225
EXPLORATORY_NON_EVIDENCE	50000	0.1	0.05	30.0	12	40500.0	9000.0	500.0000000000001	1.0	0.08333333333333333	0.08333333333333333	0.014865094404917095	0.35387991114111694	0.11353989448113426	0.08333333333333333	0.014865094404917095	0.35387991114111694	32.52273510451825	52.69272374013112	78.97744173825032	0.028849670568744035	0.059620002053466584	0.09504852653403821
EXPLORATORY_NON_EVIDENCE	50000	0.1	0.1	0.0	12	40500.0	9000.0	500.0000000000001	1.0	0.4166666666666667	0.4166666666666667	0.19326031365875665	0.6804886874504503	0.3174417604000891	0.0	2.7755575615628914e-17	0.24249400665524085	22.901938026357076	41.61892226542132	69.4712060352385	0.05585650639719802	0.09733663455995553	0.1406067778668221
EXPLORATORY_NON_EVIDENCE	50000	0.1	0.1	5.0	12	40500.0	9000.0	500.0000000000001	1.0	0.4166666666666667	0.4166666666666667	0.19326031365875665	0.6804886874504503	0.3174417604000891	0.08333333333333333	0.014865094404917095	0.35387991114111694	23.397743119606673	41.67252574773668	69.77568762522992	0.05588721805481481	0.0973429229688125	0.14061014432872873
EXPLORATORY_NON_EVIDENCE	50000	0.1	0.1	10.0	12	40500.0	9000.0	500.0000000000001	1.0	0.4166666666666667	0.4166666666666667	0.19326031365875665	0.6804886874504503	0.3174417604000891	0.08333333333333333	0.014865094404917095	0.35387991114111694	24.244824268444326	41.861578460880864	70.0834252837717	0.05592601197012383	0.09734835794372398	0.14061327791785472
EXPLORATORY_NON_EVIDENCE	50000	0.1	0.1	20.0	12	40500.0	9000.0	500.0000000000001	1.0	0.4166666666666667	0.4166666666666667	0.19326031365875665	0.6804886874504503	0.3174417604000891	0.08333333333333333	0.014865094404917095	0.35387991114111694	30.04333211305622	42.73202791868209	70.68001709419238	0.056024174632438244	0.09735651883488089	0.1406184066928828
EXPLORATORY_NON_EVIDENCE	50000	0.1	0.1	30.0	12	40500.0	9000.0	500.0000000000001	1.0	0.4166666666666667	0.4166666666666667	0.19326031365875665	0.6804886874504503	0.3174417604000891	0.08333333333333333	0.014865094404917095	0.35387991114111694	34.20723449386515	44.610462022485734	71.20696215848899	0.05614625598424783	0.0973608692472633	0.14062107443595584
EXPLORATORY_NON_EVIDENCE	50000	0.1	0.2	0.0	12	40500.0	9000.0	500.0000000000001	1.0	0.6666666666666666	0.6666666666666666	0.39062208887279953	0.8618799089087867	0.253805384502546	0.0	2.7755575615628914e-17	0.24249400665524085	21.562070757669993	41.25502906256445	78.70188865791667	0.06413871777620549	0.20178831838494465	0.2252772919443506
EXPLORATORY_NON_EVIDENCE	50000	0.1	0.2	5.0	12	40500.0	9000.0	500.0000000000001	1.0	0.6666666666666666	0.6666666666666666	0.39062208887279953	0.8618799089087867	0.253805384502546	0.0	2.7755575615628914e-17	0.24249400665524085	22.04347605412835	40.70711629122662	78.5394385504701	0.06267480862810418	0.2024525045634903	0.23282180883884696
EXPLORATORY_NON_EVIDENCE	50000	0.1	0.2	10.0	12	40500.0	9000.0	500.0000000000001	1.0	0.6666666666666666	0.6666666666666666	0.39062208887279953	0.8618799089087867	0.253805384502546	0.08333333333333333	0.014865094404917095	0.35387991114111694	23.13179087942196	40.91442614107834	77.60716421302006	0.05984248273052452	0.20315254674793576	0.2388032594576403
EXPLORATORY_NON_EVIDENCE	50000	0.1	0.2	20.0	12	40500.0	9000.0	500.0000000000001	1.0	0.6666666666666666	0.6666666666666666	0.39062208887279953	0.8618799089087867	0.253805384502546	0.08333333333333333	0.014865094404917095	0.35387991114111694	26.994332499199366	41.750357982862965	75.84089027789929	0.05154383901860745	0.2046610577893142	0.2388250885343623
EXPLORATORY_NON_EVIDENCE	50000	0.1	0.2	30.0	12	40500.0	9000.0	500.0000000000001	1.0	0.6666666666666666	0.6666666666666666	0.39062208887279953	0.8618799089087867	0.253805384502546	0.16666666666666666	0.04696514218385378	0.4480308622529734	31.33530189572648	44.8929020050569	75.15233397820258	0.04044941861000887	0.20535669614093893	0.23883747130595492
EXPLORATORY_NON_EVIDENCE	50000	0.2	0.05	0.0	12	32000.000000000007	16000.0	2000.0000000000005	1.0	0.08333333333333333	0.08333333333333333	0.014865094404917095	0.35387991114111694	0.1233372119011323	0.0	2.7755575615628914e-17	0.24249400665524085	18.89602118181644	36.44782405298063	65.44715390253442	0.03305291120417221	0.0612684176337847	0.09437379204184025
EXPLORATORY_NON_EVIDENCE	50000	0.2	0.05	5.0	12	32000.000000000007	16000.0	2000.0000000000005	1.0	0.08333333333333333	0.08333333333333333	0.014865094404917095	0.35387991114111694	0.1233372119011323	0.0	2.7755575615628914e-17	0.24249400665524085	18.731744373369345	36.45743443327278	64.94256969891077	0.03330529109353641	0.061265301146405826	0.09436105294367231
EXPLORATORY_NON_EVIDENCE	50000	0.2	0.05	10.0	12	32000.000000000007	16000.0	2000.0000000000005	1.0	0.08333333333333333	0.08333333333333333	0.014865094404917095	0.35387991114111694	0.1233372119011323	0.08333333333333333	0.014865094404917095	0.35387991114111694	19.373805011964496	36.55274701944762	64.5000117667592	0.03367803865912584	0.061262716022732255	0.09434893091184726
EXPLORATORY_NON_EVIDENCE	50000	0.2	0.05	20.0	12	32000.000000000007	16000.0	2000.0000000000005	1.0	0.08333333333333333	0.08333333333333333	0.014865094404917095	0.35387991114111694	0.1233372119011323	0.08333333333333333	0.014865094404917095	0.35387991114111694	25.401323005022938	37.36331728274193	63.8665588623203	0.03442069807954567	0.06125922255057445	0.0943268786675906
EXPLORATORY_NON_EVIDENCE	50000	0.2	0.05	30.0	12	32000.000000000007	16000.0	2000.0000000000005	1.0	0.08333333333333333	0.08333333333333333	0.014865094404917095	0.35387991114111694	0.1233372119011323	0.08333333333333333	0.014865094404917095	0.35387991114111694	26.8868349474834	39.90747779687868	63.6589080240247	0.03516861880143057	0.06125806551193132	0.094308256426636
EXPLORATORY_NON_EVIDENCE	50000	0.2	0.1	0.0	12	32000.000000000007	16000.0	2000.0000000000005	1.0	0.4166666666666667	0.4166666666666667	0.19326031365875665	0.6804886874504503	0.3357952418086274	0.0	2.7755575615628914e-17	0.24249400665524085	24.901351725108086	58.69138055045172	78.04424402372378	0.06010221069001219	0.09020100768546174	0.11809371735820283
EXPLORATORY_NON_EVIDENCE	50000	0.2	0.1	5.0	12	32000.000000000007	16000.0	2000.0000000000005	1.0	0.4166666666666667	0.4166666666666667	0.19326031365875665	0.6804886874504503	0.3357952418086274	0.08333333333333333	0.014865094404917095	0.35387991114111694	24.40517715647835	58.17284399412648	78.12577508737137	0.06005256630271031	0.0901361650570574	0.1194991939874084
EXPLORATORY_NON_EVIDENCE	50000	0.2	0.1	10.0	12	32000.000000000007	16000.0	2000.0000000000005	1.0	0.4166666666666667	0.4166666666666667	0.19326031365875665	0.6804886874504503	0.3357952418086274	0.08333333333333333	0.014865094404917095	0.35387991114111694	24.147652958401835	57.731848485863544	78.21836992628653	0.05982498246144005	0.09009573833766776	0.12086276564982959
EXPLORATORY_NON_EVIDENCE	50000	0.2	0.1	20.0	12	32000.000000000007	16000.0	2000.0000000000005	1.0	0.4166666666666667	0.4166666666666667	0.19326031365875665	0.6804886874504503	0.3357952418086274	0.08333333333333333	0.014865094404917095	0.35387991114111694	27.3552083320353	57.15780115260872	78.86929645014415	0.05905196427161719	0.09008822647739724	0.12350493478387295
EXPLORATORY_NON_EVIDENCE	50000	0.2	0.1	30.0	12	32000.000000000007	16000.0	2000.0000000000005	1.0	0.4166666666666667	0.4166666666666667	0.19326031365875665	0.6804886874504503	0.3357952418086274	0.16666666666666666	0.04696514218385378	0.4480308622529734	35.00708520750982	57.18959731091111	79.3319027614088	0.05854391013298218	0.09018978209587197	0.12612045593862867
EXPLORATORY_NON_EVIDENCE	50000	0.2	0.2	0.0	12	32000.000000000007	16000.0	2000.0000000000005	1.0	0.8333333333333334	0.8333333333333334	0.5519691377470266	0.9530348578161463	0.23327237380792246	0.0	2.7755575615628914e-17	0.24249400665524085	15.240486952535099	26.993832680706262	57.961400069196735	0.0992531850086949	0.1822396150701608	0.20845003700489412
EXPLORATORY_NON_EVIDENCE	50000	0.2	0.2	5.0	12	32000.000000000007	16000.0	2000.0000000000005	1.0	0.8333333333333334	0.8333333333333334	0.5519691377470266	0.9530348578161463	0.23327237380792246	0.08333333333333333	0.014865094404917095	0.35387991114111694	15.808470284239721	27.4773585560781	58.85674899743197	0.1004769552862362	0.18223971718651738	0.20845161438875368
EXPLORATORY_NON_EVIDENCE	50000	0.2	0.2	10.0	12	32000.000000000007	16000.0	2000.0000000000005	1.0	0.9166666666666666	0.9166666666666666	0.646120088858883	0.9851349055950829	0.23327237380792246	0.16666666666666666	0.04696514218385378	0.4480308622529734	16.562915161275818	28.38389249959399	59.69319483628873	0.10168546482246622	0.18223984015154882	0.2084532226425297
EXPLORATORY_NON_EVIDENCE	50000	0.2	0.2	20.0	12	32000.000000000007	16000.0	2000.0000000000005	1.0	0.9166666666666666	0.9166666666666666	0.646120088858883	0.9851349055950829	0.23327237380792246	0.16666666666666666	0.04696514218385378	0.4480308622529734	20.038940547899944	30.47402918687134	61.23855317023387	0.10403672203422537	0.17827631588051684	0.2084564991861737
EXPLORATORY_NON_EVIDENCE	50000	0.2	0.2	30.0	12	32000.000000000007	16000.0	2000.0000000000005	1.0	0.9166666666666666	0.9166666666666666	0.646120088858883	0.9851349055950829	0.23327237380792246	0.16666666666666666	0.04696514218385378	0.4480308622529734	27.73803167830873	33.10410298090624	62.75285982951628	0.10581200836839669	0.169815237035279	0.20845978965887646
EXPLORATORY_NON_EVIDENCE	50000	0.4	0.05	0.0	12	18000.0	24000.0	8000.000000000002	1.0	0.08333333333333333	0.08333333333333333	0.014865094404917095	0.35387991114111694	0.11312940515708825	0.0	2.7755575615628914e-17	0.24249400665524085	22.295611572363548	44.55872287928739	70.41202998370784	0.03313507813227217	0.059373200448603926	0.09745214984892546
EXPLORATORY_NON_EVIDENCE	50000	0.4	0.05	5.0	12	18000.0	24000.0	8000.000000000002	1.0	0.08333333333333333	0.08333333333333333	0.014865094404917095	0.35387991114111694	0.11312940515708825	0.08333333333333333	0.014865094404917095	0.35387991114111694	22.23253388367059	44.617475583810986	70.34519777965386	0.03318968354996575	0.05949548441673877	0.0973825006864261
EXPLORATORY_NON_EVIDENCE	50000	0.4	0.05	10.0	12	18000.0	24000.0	8000.000000000002	1.0	0.08333333333333333	0.08333333333333333	0.014865094404917095	0.35387991114111694	0.11312940515708825	0.08333333333333333	0.014865094404917095	0.35387991114111694	22.327833780654718	44.70001139816788	70.27948766573684	0.03324453264909606	0.059619347090765336	0.09733314584699394
EXPLORATORY_NON_EVIDENCE	50000	0.4	0.05	20.0	12	18000.0	24000.0	8000.000000000002	1.0	0.08333333333333333	0.08333333333333333	0.014865094404917095	0.35387991114111694	0.11312940515708825	0.08333333333333333	0.014865094404917095	0.35387991114111694	24.2224881686038	44.94479576295566	69.4000356136965	0.03335365125234843	0.059875833674131934	0.09729674136212725
EXPLORATORY_NON_EVIDENCE	50000	0.4	0.05	30.0	12	18000.0	24000.0	8000.000000000002	1.0	0.08333333333333333	0.08333333333333333	0.014865094404917095	0.35387991114111694	0.11312940515708825	0.08333333333333333	0.014865094404917095	0.35387991114111694	28.66323731176544	45.414707917079056	67.89071699770905	0.033460130311454714	0.06015096641819773	0.0973413719537196
EXPLORATORY_NON_EVIDENCE	50000	0.4	0.1	0.0	12	18000.0	24000.0	8000.000000000002	1.0	0.5	0.5	0.2537815976337061	0.7462184023662939	0.1789220381947116	0.0	2.7755575615628914e-17	0.24249400665524085	15.048699414833328	39.655302075334745	54.12503260437969	0.05245234474033153	0.0993455474073473	0.13915655561793627
EXPLORATORY_NON_EVIDENCE	50000	0.4	0.1	5.0	12	18000.0	24000.0	8000.000000000002	1.0	0.5	0.5	0.2537815976337061	0.7462184023662939	0.1789220381947116	0.0	2.7755575615628914e-17	0.24249400665524085	15.146172557212441	39.69314942394816	53.933530402479406	0.05292078696044309	0.09934943677652468	0.13915681155185425
EXPLORATORY_NON_EVIDENCE	50000	0.4	0.1	10.0	12	18000.0	24000.0	8000.000000000002	1.0	0.5	0.5	0.2537815976337061	0.7462184023662939	0.1789220381947116	0.0	2.7755575615628914e-17	0.24249400665524085	15.601586569916677	39.737052419626174	53.866238158132525	0.053451608063547526	0.09916014436025329	0.13915719201976026
EXPLORATORY_NON_EVIDENCE	50000	0.4	0.1	20.0	12	18000.0	24000.0	8000.000000000002	1.0	0.5	0.5	0.2537815976337061	0.7462184023662939	0.1789220381947116	0.08333333333333333	0.014865094404917095	0.35387991114111694	19.939486895337517	39.83541076153652	54.567979491876265	0.05473799040611294	0.09870033414847545	0.13915871908554114
EXPLORATORY_NON_EVIDENCE	50000	0.4	0.1	30.0	12	18000.0	24000.0	8000.000000000002	1.0	0.5	0.5	0.2537815976337061	0.7462184023662939	0.1789220381947116	0.08333333333333333	0.014865094404917095	0.35387991114111694	27.93906893582845	39.95205692865481	55.683526871054106	0.05632258863597454	0.09817910269817753	0.13916183682221758
EXPLORATORY_NON_EVIDENCE	50000	0.4	0.2	0.0	12	18000.0	24000.0	8000.000000000002	1.0	0.75	0.75	0.46769466506643426	0.9110583316059453	0.2261092398604038	0.0	2.7755575615628914e-17	0.24249400665524085	9.485841659669944	25.042070763435028	44.96509825775055	0.07833170486014074	0.16342722857549694	0.2097302630325648
EXPLORATORY_NON_EVIDENCE	50000	0.4	0.2	5.0	12	18000.0	24000.0	8000.000000000002	1.0	0.75	0.75	0.46769466506643426	0.9110583316059453	0.2261092398604038	0.0	2.7755575615628914e-17	0.24249400665524085	9.002629473680024	25.03523714493393	45.702504324611745	0.07836529217495589	0.16325272655038675	0.20973237239600193
EXPLORATORY_NON_EVIDENCE	50000	0.4	0.2	10.0	12	18000.0	24000.0	8000.000000000002	1.0	0.75	0.75	0.46769466506643426	0.9110583316059453	0.2261092398604038	0.08333333333333333	0.014865094404917095	0.35387991114111694	12.198789581780261	25.090264714611866	46.2532045767613	0.07839794412307706	0.16309458303582391	0.20973339738889102
EXPLORATORY_NON_EVIDENCE	50000	0.4	0.2	20.0	12	18000.0	24000.0	8000.000000000002	1.0	0.75	0.75	0.46769466506643426	0.9110583316059453	0.2261092398604038	0.08333333333333333	0.014865094404917095	0.35387991114111694	20.13050698842507	25.482508564160966	47.21910036176368	0.07845957822973089	0.16282213787008407	0.20973222835767433
EXPLORATORY_NON_EVIDENCE	50000	0.4	0.2	30.0	12	18000.0	24000.0	8000.000000000002	1.0	0.75	0.75	0.46769466506643426	0.9110583316059453	0.2261092398604038	0.08333333333333333	0.014865094404917095	0.35387991114111694	27.184358200061347	30.08695029569176	48.169511671949785	0.07851495579049657	0.16424381265696356	0.2097268796306842
